URI,name,street,zip,city,ticket_vending_machine,luggage_lockers,free_parking,taxi,bicycle_spots,blue-bike,bus,tram,metro,wheelchair_available,ramp,disabled_parking_spots,elevated_platform,escalator_up,escalator_down,elevator_platform,audio_induction_loop,sales_open_monday,sales_close_monday,sales_open_tuesday,sales_close_tuesday,sales_open_wednesday,sales_close_wednesday,sales_open_thursday,sales_close_thursday,sales_open_friday,sales_close_friday,sales_open_saturday,sales_close_saturday,sales_open_sunday,sales_close_sunday
http://irail.be/stations/NMBS/008734201,Arras,,,,,,,,,,,,,,,,,,,,,,,,,,,,,,,,,,
http://irail.be/stations/NMBS/008015345,Aachen Hbf,,,,,,,,,,,,,,,,,,,,,,,,,,,,,,,,,,
http://irail.be/stations/NMBS/008895000,Aalst,Stationsplein 9,9300,Aalst,1,0,1,1,1,1,1,0,0,1,1,4,1,0,0,1,1,05:45,20:00,05:45,20:00,05:45,20:00,05:45,20:00,05:45,20:00,06:00,20:00,06:00,20:00
http://irail.be/stations/NMBS/008895125,Aalst-Kerrebroek,Ledebaan,9300,Aalst,0,0,1,0,0,0,0,0,0,0,0,0,0,0,0,0,0,,,,,,,,,,,,,,
http://irail.be/stations/NMBS/008891140,Aalter,Stationsplein 2,9880,Aalter,1,0,1,0,1,1,1,0,0,0,0,4,0,0,0,0,1,07:00,14:15,07:00,14:15,07:00,14:15,07:00,14:15,07:00,14:15,07:45,15:00,07:45,15:00
http://irail.be/stations/NMBS/008833209,Aarschot,Statieplein,3200,Aarschot,1,0,1,0,1,1,1,0,0,1,1,3,0,0,0,0,1,05:45,20:00,05:45,20:00,05:45,20:00,05:45,20:00,05:45,20:00,06:00,20:00,07:00,14:15
http://irail.be/stations/NMBS/008892288,Aarsele,Hogenhovenstraat Zn,8700,Aarsele,1,0,0,0,0,0,0,0,0,0,0,0,0,0,0,0,0,,,,,,,,,,,,,,
http://irail.be/stations/NMBS/008886546,Acren,Rue De La Station,7864,Deux-Acren,1,0,0,0,0,0,0,0,0,0,0,0,0,0,0,0,0,,,,,,,,,,,,,,
http://irail.be/stations/NMBS/008778127,Agde,,,,,,,,,,,,,,,,,,,,,,,,,,,,,,,,,,
http://irail.be/stations/NMBS/008774176,Aime-la-Plagne,,,,,,,,,,,,,,,,,,,,,,,,,,,,,,,,,,
http://irail.be/stations/NMBS/008874583,Aiseau,Rue De Tergnée,6250,Aiseau-Presles,1,0,0,0,0,0,0,0,0,0,0,0,0,0,0,0,0,,,,,,,,,,,,,,
http://irail.be/stations/NMBS/008731901,Aix-en-Provence TGV,,,,,,,,,,,,,,,,,,,,,,,,,,,,,,,,,,
http://irail.be/stations/NMBS/008774164,Albertville,,,,,,,,,,,,,,,,,,,,,,,,,,,,,,,,,,
http://irail.be/stations/NMBS/008831039,Alken,Stationsstraat,3570,Alken,1,0,1,0,0,0,1,0,0,0,0,0,0,0,0,0,0,,,,,,,,,,,,,,
http://irail.be/stations/NMBS/008843331,Amay,Place Gustave Rome 10,4540,Amay,0,0,1,0,0,0,1,0,0,0,0,1,1,0,0,0,0,,,,,,,,,,,,,,
http://irail.be/stations/NMBS/008843323,Ampsin,Rue Des Ganons 10,4540,Ampsin,0,0,1,0,0,0,0,0,0,0,0,0,0,0,0,0,0,,,,,,,,,,,,,,
http://irail.be/stations/NMBS/008400058,Amsterdam CS,,,,,,,,,,,,,,,,,,,,,,,,,,,,,,,,,,
http://irail.be/stations/NMBS/008863404,Andenne,Rue De La Station  47 B,5300,Seilles,1,1,1,1,1,0,1,0,0,0,1,3,0,0,0,0,1,06:00,13:15,06:00,13:15,06:00,13:15,06:00,13:15,06:00,13:15,07:15,14:30,,
http://irail.be/stations/NMBS/008842002,Angleur,Rue Denis Lecoq,4031,Angleur,1,0,1,0,0,0,0,0,0,0,0,4,1,0,0,0,0,,,,,,,,,,,,,,
http://irail.be/stations/NMBS/008728685,Annappes,,,,,,,,,,,,,,,,,,,,,,,,,,,,,,,,,,
http://irail.be/stations/NMBS/008841202,Ans,Rue De La Station 85,4430,Ans,1,0,1,0,1,0,1,0,0,0,1,5,1,0,0,0,1,06:45,14:00,06:45,14:00,06:45,14:00,06:45,14:00,06:45,14:00,,,,
http://irail.be/stations/NMBS/008863818,Anseremme,Rue Des Tilleuls,5500,Anseremme,1,0,1,0,0,0,0,0,0,0,0,0,1,0,0,0,0,,,,,,,,,,,,,,
http://irail.be/stations/NMBS/008775767,Antibes,,,,,,,,,,,,,,,,,,,,,,,,,,,,,,,,,,
http://irail.be/stations/NMBS/008885522,Antoing,Rue De La Station,7640,Antoing,1,0,1,0,1,0,1,0,0,0,0,1,0,0,0,0,0,,,,,,,,,,,,,,
http://irail.be/stations/NMBS/008821121,Antwerpen-Berchem,Burgemeester Edgar Ryckaertsplein 1,2600,Berchem,1,1,1,1,1,0,1,1,0,0,0,0,1,1,0,0,1,05:45,20:00,05:45,20:00,05:45,20:00,05:45,20:00,05:45,20:00,06:15,20:30,06:30,20:30
http://irail.be/stations/NMBS/008821006,Antwerpen-Centraal,Koningin Astridplein 27,2018,Antwerpen,1,1,1,1,1,1,1,1,1,1,1,24,1,1,1,1,1,05:45,22:00,05:45,22:00,05:45,22:00,05:45,22:00,05:45,22:00,05:45,22:00,05:45,22:00
http://irail.be/stations/NMBS/008821030,Antwerpen-Dam,Damplein,2060,Antwerpen,0,0,0,0,0,0,1,0,0,0,0,0,0,0,0,0,0,,,,,,,,,,,,,,
http://irail.be/stations/NMBS/008821048,Antwerpen-Haven,Noorderlaan,2000,Antwerpen,0,0,1,0,0,0,0,0,0,0,0,0,0,0,0,0,0,,,,,,,,,,,,,,
http://irail.be/stations/NMBS/008821063,Antwerpen-Luchtbal,Groendaellaan,2060,Antwerpen,1,0,0,0,0,0,0,0,0,0,0,0,1,0,0,0,0,,,,,,,,,,,,,,
http://irail.be/stations/NMBS/008821089,Antwerpen-Noorderdokken,ArgentiniËlaan,2030,Antwerpen,1,0,0,0,1,0,0,0,0,0,0,0,0,0,0,0,0,,,,,,,,,,,,,,
http://irail.be/stations/NMBS/008821022,Antwerpen-Oost,Plantin En Moretuslei,2018,Antwerpen,0,0,0,0,0,0,1,0,0,0,0,0,1,0,0,1,0,,,,,,,,,,,,,,
http://irail.be/stations/NMBS/008821196,Antwerpen-Zuid,Kolonel Silvertopstraat,2020,Antwerpen,1,0,0,0,0,0,1,1,0,0,0,0,0,0,0,0,0,,,,,,,,,,,,,,
http://irail.be/stations/NMBS/008892734,Anzegem,Statieplein 3,8570,Anzegem,1,0,0,0,0,0,1,0,0,0,0,0,0,0,0,0,0,,,,,,,,,,,,,,
http://irail.be/stations/NMBS/008895745,Appelterre,'T Angereelstraat 101,9400,Appelterre - Ninove,1,0,1,0,0,0,0,0,0,0,0,0,1,0,0,0,0,,,,,,,,,,,,,,
http://irail.be/stations/NMBS/008814472,Arcaden/Arcades,Arcadenplein,1170,Watermaal-Bosvoorde,1,0,0,0,0,0,0,0,0,0,0,0,0,0,0,0,0,,,,,,,,,,,,,,
http://irail.be/stations/NMBS/008811759,Archennes,Rue De Florival 100,1390,Grez Doiceau,1,0,1,0,0,0,0,0,0,0,0,0,0,0,0,0,0,,,,,,,,,,,,,,
http://irail.be/stations/NMBS/008866001,Arlon,Avenue De La Gare 32,6700,Arlon,1,0,1,1,1,0,1,0,0,1,1,13,1,0,0,0,1,05:45,20:00,05:45,20:00,05:45,20:00,05:45,20:00,05:45,20:00,06:15,20:30,06:15,20:30
http://irail.be/stations/NMBS/008728686,Ascq,,,,,,,,,,,,,,,,,,,,,,,,,,,,,,,,,,
http://irail.be/stations/NMBS/008812070,Asse,Stationsstraat 91,1730,Asse,1,0,1,0,1,1,1,0,0,0,0,2,0,0,0,0,0,,,,,,,,,,,,,,
http://irail.be/stations/NMBS/008864931,Assesse,Place Louis Focant 1,5330,Assesse,1,0,1,0,0,0,0,0,0,0,0,0,0,0,0,0,0,,,,,,,,,,,,,,
http://irail.be/stations/NMBS/008886009,Ath,Rue De La Station,7800,Ath,1,0,0,0,1,0,1,0,0,0,1,2,0,0,0,0,1,05:45,20:00,05:45,20:00,05:45,20:00,05:45,20:00,05:45,20:00,06:00,20:30,06:00,20:30
http://irail.be/stations/NMBS/008866605,Athus,Place Des Martyrs,6791,Athus,1,0,0,0,0,0,0,0,0,0,0,0,0,0,0,0,0,,,,,,,,,,,,,,
http://irail.be/stations/NMBS/008869047,Athus-Frontiere,,,,,,,,,,,,,,,,,,,,,,,,,,,,,,,,,,
http://irail.be/stations/NMBS/008866654,Aubange,Avenue De La Gare,6790,Aubange,1,0,0,0,0,0,0,0,0,0,0,0,0,0,0,0,0,,,,,,,,,,,,,,
http://irail.be/stations/NMBS/008869088,Aubange-Frontiere-Luxembourg,,,,,,,,,,,,,,,,,,,,,,,,,,,,,,,,,,
http://irail.be/stations/NMBS/008729560,Aulnoye-Aymeries,,,,,,,,,,,,,,,,,,,,,,,,,,,,,,,,,,
http://irail.be/stations/NMBS/008874716,Auvelais,Rue De La Gare,5060,Auvelais,1,0,1,0,1,0,1,0,0,0,0,0,1,0,0,0,0,,,,,,,,,,,,,,
http://irail.be/stations/NMBS/008731896,Avignon TGV,,,,,,,,,,,,,,,,,,,,,,,,,,,,,,,,,,
http://irail.be/stations/NMBS/008864352,Aye,Rue Du Vivier,6900,Aye,1,0,1,0,0,0,1,0,0,0,0,0,0,0,0,0,0,,,,,,,,,,,,,,
http://irail.be/stations/NMBS/008842754,Aywaille,Place Marcellis 3,4920,Aywaille,1,0,1,0,1,0,1,0,0,0,0,3,0,0,0,0,0,,,,,,,,,,,,,,
http://irail.be/stations/NMBS/008727149,Aéroport Charles-de-Gaulle TGV,,,,,,,,,,,,,,,,,,,,,,,,,,,,,,,,,,
http://irail.be/stations/NMBS/008822160,Baasrode-Zuid,Mandekensstraat,9280,Baasrode-Zuid,1,0,1,0,0,0,0,0,0,0,0,0,0,0,0,0,0,,,,,,,,,,,,,,
http://irail.be/stations/NMBS/008728687,Baisieux,,,,,,,,,,,,,,,,,,,,,,,,,,,,,,,,,,
http://irail.be/stations/NMBS/008895257,Balegem-Dorp,Houtestraat 32,9860,Balegem - Oosterzele,1,0,1,0,0,0,0,0,0,0,0,0,0,0,0,0,0,,,,,,,,,,,,,,
http://irail.be/stations/NMBS/008895240,Balegem-Zuid,Walzegem,9860,Balegem - Oosterzele,1,0,1,0,0,0,0,0,0,0,0,0,0,0,0,0,0,,,,,,,,,,,,,,
http://irail.be/stations/NMBS/008832045,Balen,Stationsstraat,2490,Balen,1,0,1,0,0,0,1,0,0,0,0,0,0,0,0,0,0,,,,,,,,,,,,,,
http://irail.be/stations/NMBS/008895463,Bambrugge,Kwalestraat,9420,Bambrugge - Erpe-Mere,0,0,0,0,0,0,0,0,0,0,0,0,0,0,0,0,0,,,,,,,,,,,,,,
http://irail.be/stations/NMBS/008864451,Barvaux,Rue Des Hazalles,6940,Barvaux,1,0,1,0,0,0,1,0,0,0,0,0,0,0,0,0,0,,,,,,,,,,,,,,
http://irail.be/stations/NMBS/008843430,Bas-Oha,Rue Bormans 1,4520,Bas-Oha,0,0,0,0,0,0,1,0,0,0,0,0,0,0,0,0,0,,,,,,,,,,,,,,
http://irail.be/stations/NMBS/008500010,Basel,,,,,,,,,,,,,,,,,,,,,,,,,,,,,,,,,,
http://irail.be/stations/NMBS/008811734,Basse-Wavre,Chaussée Du Tilleul,1300,Wavre,1,0,1,0,0,0,0,0,0,0,0,0,1,0,0,0,0,,,,,,,,,,,,,,
http://irail.be/stations/NMBS/008865128,Bastogne-Nord,Rue Pierre Thomas/n30,6600,Bastogne,0,0,0,0,0,0,0,0,0,0,0,0,0,0,0,0,0,,,,,,,,,,,,,,
http://irail.be/stations/NMBS/008865110,Bastogne-Sud,Place De La Gare 1,6600,Bastogne.,0,0,0,0,0,0,0,0,0,0,0,0,0,0,0,0,0,,,,,,,,,,,,,,
http://irail.be/stations/NMBS/008863867,Beauraing,Place De La Gare 45,5570,Beauraing,1,0,1,0,1,0,1,0,0,0,1,0,0,0,0,0,0,,,,,,,,,,,,,,
http://irail.be/stations/NMBS/008891124,Beernem,Stationsplein 3,8730,Beernem,1,0,1,0,1,1,1,0,0,0,0,1,0,0,0,0,0,,,,,,,,,,,,,,
http://irail.be/stations/NMBS/008814423,Beersel,Lotsestraat,1650,Beersel,1,0,0,0,0,0,0,0,0,0,0,0,0,0,0,0,0,,,,,,,,,,,,,,
http://irail.be/stations/NMBS/008894151,Beervelde,Beerveldsebaan 28,9080,Beervelde,1,0,1,0,0,0,1,0,0,0,0,3,0,0,0,0,0,,,,,,,,,,,,,,
http://irail.be/stations/NMBS/008821865,Begijnendijk,Haltestraat Zn,3130,Begijnendijk,1,0,1,0,0,0,0,0,0,0,0,0,0,0,0,0,0,,,,,,,,,,,,,,
http://irail.be/stations/NMBS/008871183,Beignée,Rue Du Point d'Arrêt,6120,Ham-Sur-Heure-Nalinnes,0,0,0,0,0,0,0,0,0,0,0,0,0,0,0,0,0,,,,,,,,,,,,,,
http://irail.be/stations/NMBS/008891157,Bellem,Lotenhullestraat Zn,9881,Bellem,1,0,1,0,0,0,0,0,0,0,0,0,0,0,0,0,0,,,,,,,,,,,,,,
http://irail.be/stations/NMBS/008894433,Belsele,Kerkstraat,9111,Belsele,1,0,1,0,0,0,0,0,0,0,0,0,0,0,0,0,0,,,,,,,,,,,,,,
http://irail.be/stations/NMBS/008832235,Beringen,Koerselsesteenweg / Motstraat,3580,Beringen,1,0,1,0,0,0,0,0,0,0,0,3,0,0,0,0,0,,,,,,,,,,,,,,
http://irail.be/stations/NMBS/008821816,Berlaar,Misstraat Zn.,2590,Berlaar,1,0,1,0,0,0,1,0,0,0,0,1,0,0,0,0,0,,,,,,,,,,,,,,
http://irail.be/stations/NMBS/008200510,Bertrange Strassen,,,,,,,,,,,,,,,,,,,,,,,,,,,,,,,,,,
http://irail.be/stations/NMBS/008865300,Bertrix,Rue De La Gare 173,6880,Bertrix,1,0,1,0,1,0,1,0,0,0,1,0,0,0,0,0,1,06:15,13:30,06:15,13:30,06:15,13:30,06:15,13:30,06:15,13:30,,,,
http://irail.be/stations/NMBS/008873320,Berzée,Rue Bois Mignon,5651,Berzee,1,0,1,0,0,0,1,0,0,0,0,1,0,0,0,0,0,,,,,,,,,,,,,,
http://irail.be/stations/NMBS/008861424,Beuzet,Rue De La Station,5030,Beuzet,1,0,1,0,0,0,0,0,0,0,0,0,1,0,0,0,0,,,,,,,,,,,,,,
http://irail.be/stations/NMBS/008894748,Beveren,Stationsplein 2,9120,Beveren-Waas,1,0,1,0,1,0,1,0,0,0,0,2,0,0,0,0,1,06:00,13:15,06:00,13:15,06:00,13:15,06:00,13:15,06:00,13:15,,,,
http://irail.be/stations/NMBS/008832227,Beverlo,Korspelsesteenweg,3580,Beringen,1,0,1,0,0,0,0,0,0,0,0,0,0,0,0,0,0,,,,,,,,,,,,,,
http://irail.be/stations/NMBS/008811718,Bierges-Walibi,Rue De La Wastinne,1301,Bierges,0,0,0,0,0,0,0,0,0,0,0,0,1,0,0,0,0,,,,,,,,,,,,,,
http://irail.be/stations/NMBS/008841319,Bierset-Awans,Avenue De La Gare 15,4460,Bierset,1,0,1,0,0,0,0,0,0,0,0,0,0,0,0,0,0,,,,,,,,,,,,,,
http://irail.be/stations/NMBS/008831138,Bilzen,Stationlaan,3740,Bilzen,1,0,1,0,1,0,1,0,0,0,0,1,0,0,0,0,0,,,,,,,,,,,,,,
http://irail.be/stations/NMBS/008882362,Binche,Place Derbaix,7130,Binche,1,0,1,0,1,0,1,0,0,0,0,4,0,0,0,0,0,05:45,13:00,05:45,13:00,05:45,13:00,05:45,13:00,05:45,13:00,,,,
http://irail.be/stations/NMBS/008896388,Bissegem,Vlaswaagplein,8501,Bissegem,1,0,1,0,0,0,0,0,0,0,0,1,0,0,0,0,0,,,,,,,,,,,,,,
http://irail.be/stations/NMBS/008889045,Blandain-Frontiere,,,,,,,,,,,,,,,,,,,,,,,,,,,,,,,,,,
http://irail.be/stations/NMBS/008891405,Blankenberge,Leopold III-Plein,8370,Blankenberge,1,1,1,1,1,0,1,1,0,1,1,2,1,0,0,0,1,06:15,20:00,06:15,20:00,06:15,20:00,06:15,20:00,06:15,20:00,07:15,21:00,07:15,21:00
http://irail.be/stations/NMBS/008861531,Blanmont,Rue De La Gare,1450,Chastre,1,0,1,0,0,0,0,0,0,0,0,0,1,0,0,0,0,,,,,,,,,,,,,,
http://irail.be/stations/NMBS/008884715,Blaton,Quartier De La Gare,7321,Blaton,1,0,1,0,1,0,1,0,0,0,0,0,0,0,0,0,0,,,,,,,,,,,,,,
http://irail.be/stations/NMBS/008841434,Bleret,Rue Amédée De Lantremange 51,4300,Waremme,0,0,0,0,0,0,0,0,0,0,0,0,0,0,0,0,0,,,,,,,,,,,,,,
http://irail.be/stations/NMBS/008812021,Bockstael,E. Bockstaellaan,1020,Brussel,1,0,0,0,0,0,1,1,1,0,0,0,1,1,0,0,0,,,,,,,,,,,,,,
http://irail.be/stations/NMBS/008821634,Boechout,F. Segersstraat,2530,Boechout,1,0,1,0,0,0,1,0,0,0,0,0,0,0,0,0,0,,,,,,,,,,,,,,
http://irail.be/stations/NMBS/008831781,Bokrijk,Bokrijklaan,3600,Genk,1,0,1,0,0,0,0,0,0,0,0,0,0,0,0,0,0,,,,,,,,,,,,,,
http://irail.be/stations/NMBS/008864469,Bomal,Rue Fleurie 36,6941,Bomal,1,0,1,0,1,0,1,0,0,0,0,1,0,0,0,0,0,,,,,,,,,,,,,,
http://irail.be/stations/NMBS/008821857,Booischot,Kleine Steenweg Zn.,2221,Booischot,1,0,1,0,0,0,0,0,0,0,0,2,0,0,0,0,0,,,,,,,,,,,,,,
http://irail.be/stations/NMBS/008822814,Boom,Statiestraat,2850,Boom,1,0,1,0,1,0,1,0,0,0,1,1,0,0,0,0,0,,,,,,,,,,,,,,
http://irail.be/stations/NMBS/008814456,Boondaal/Boondael,Woudlaan,1050,Brussel,1,0,0,0,0,0,1,1,0,0,0,0,1,0,0,0,0,,,,,,,,,,,,,,
http://irail.be/stations/NMBS/008822475,Boortmeerbeek,Brouwersstraat 12,3190,Boortmeerbeek,0,0,1,0,0,0,0,0,0,0,0,0,0,0,0,0,0,,,,,,,,,,,,,,
http://irail.be/stations/NMBS/008811163,Bordet,Jules Bordetlaan,1140,Brussel,1,0,0,0,0,0,1,1,0,0,0,0,1,0,0,0,0,,,,,,,,,,,,,,
http://irail.be/stations/NMBS/008822772,Bornem,Stationsplein 1,2880,Bornem,1,0,1,0,1,0,1,0,0,0,0,5,1,0,0,0,0,,,,,,,,,,,,,,
http://irail.be/stations/NMBS/008811437,Bosvoorde/Boitsfort,Terhulpsesteenweg 195,1170,Bosvoorde,0,0,0,0,0,0,1,1,0,0,0,0,0,0,0,0,0,,,,,,,,,,,,,,
http://irail.be/stations/NMBS/008774179,Bourg-Saint-Maurice,,,,,,,,,,,,,,,,,,,,,,,,,,,,,,,,,,
http://irail.be/stations/NMBS/008884319,Boussu,Rue Rogier 9,7300,Boussu,1,0,1,0,0,0,0,0,0,0,0,0,0,0,0,0,0,,,,,,,,,,,,,,
http://irail.be/stations/NMBS/008821725,Bouwel,Stationslei,2288,Grobbendonk,1,0,1,0,0,0,0,0,0,0,0,2,0,0,0,0,0,,,,,,,,,,,,,,
http://irail.be/stations/NMBS/008881463,Bracquegnies,Rue V. Ergot,7110,Strepy-Bracquegnies,0,0,0,0,0,0,0,0,0,0,0,0,0,0,0,0,0,,,,,,,,,,,,,,
http://irail.be/stations/NMBS/008814258,Braine-l'Alleud,Place De La Gare 1,1420,Braine L'Alleud,1,0,1,0,1,0,1,0,0,0,1,7,1,0,0,0,1,05:45,20:00,05:45,20:00,05:45,20:00,05:45,20:00,05:45,20:00,06:00,20:30,08:00,15:15
http://irail.be/stations/NMBS/008883006,Braine-le-Comte,Place Rene Branquart,7090,Braine-Le-Comte,1,0,1,0,1,0,1,0,0,0,1,2,0,1,0,0,1,05:45,20:00,05:45,20:00,05:45,20:00,05:45,20:00,05:45,20:00,06:00,20:30,06:15,13:30
http://irail.be/stations/NMBS/008400131,Breda,,,,,,,,,,,,,,,,,,,,,,,,,,,,,,,,,,
http://irail.be/stations/NMBS/008843901,Bressoux,Rue De La LÈche 33,4020,Liege (bressoux),1,0,1,0,0,0,1,0,0,0,0,2,0,0,0,0,0,,,,,,,,,,,,,,
http://irail.be/stations/NMBS/008886066,Brugelette,Avenue Gabrielle Petit,7940,Brugelette,1,0,1,0,0,0,0,0,0,0,0,0,0,0,0,0,0,,,,,,,,,,,,,,
http://irail.be/stations/NMBS/008891009,Brugge,Stationsplein 5,8000,Brugge,1,1,1,1,1,1,1,0,0,1,1,4,1,1,1,1,1,05:45,21:30,05:45,21:30,05:45,21:30,05:45,21:30,05:45,21:30,06:00,21:30,06:00,21:30
http://irail.be/stations/NMBS/008891033,Brugge-Sint-Pieters,Sint-Pietersstatiedreef,8000,Brugge,1,0,0,0,0,0,1,0,0,0,0,0,0,0,0,0,0,,,,,,,,,,,,,,
http://irail.be/stations/NMBS/008813003,Brussel-Centraal/Bruxelles-Central,Europakruispunt 2,1000,Brussel,1,1,0,1,0,1,1,0,1,1,1,0,1,1,0,1,1,06:15,22:00,06:15,22:00,06:15,22:00,06:15,22:00,06:15,22:00,06:15,22:00,06:15,22:00
http://irail.be/stations/NMBS/008813045,Brussel-Congres/Bruxelles-Congrès,Pachecolaan 25,1000,Brussel,1,0,0,0,0,0,1,0,0,0,0,0,1,1,0,0,0,,,,,,,,,,,,,,
http://irail.be/stations/NMBS/008813037,Brussel-Kapellekerk/Bruxelles-Chapelle,Ursulinestraat,1000,Brussel,0,0,0,0,0,0,0,0,0,0,0,0,1,0,0,0,0,,,,,,,,,,,,,,
http://irail.be/stations/NMBS/008811304,Brussel-Luxemburg/Bruxelles-Luxembourg,Trierstraat,1050,Brussel,1,1,0,1,1,1,1,0,0,1,1,0,1,1,0,1,1,06:15,20:00,06:15,20:00,06:15,20:00,06:15,20:00,06:15,20:00,06:15,20:30,06:15,20:30
http://irail.be/stations/NMBS/008812005,Brussel-Noord/Bruxelles-Nord,Vooruitgangstraat 76,1030,Brussel,1,1,1,1,1,1,1,1,0,1,1,0,1,1,0,1,1,06:15,22:00,06:15,22:00,06:15,22:00,06:15,22:00,06:15,22:00,06:15,22:00,06:15,22:00
http://irail.be/stations/NMBS/008811916,Brussel-Schuman/Bruxelles-Schuman,Wetstraat,1040,Brussel,1,0,0,1,0,0,1,0,1,0,0,0,1,1,0,0,1,06:15,20:00,06:15,20:00,06:15,20:00,06:15,20:00,06:15,20:00,,,,
http://irail.be/stations/NMBS/008815040,Brussel-West/Bruxelles-Ouest,Ninoofsesteenweg,1080,Sint-Jans-Molenbeek,1,0,0,0,0,0,1,1,1,0,0,0,1,1,0,1,0,,,,,,,,,,,,,,
http://irail.be/stations/NMBS/008814001,Brussel-Zuid/Bruxelles-Midi,Fonsnylaan 47b,1060,Brussel,1,1,1,1,1,1,1,1,1,1,1,0,1,1,1,1,1,06:15,22:00,06:15,22:00,06:15,22:00,06:15,22:00,06:15,22:00,06:15,22:00,06:15,22:00
http://irail.be/stations/NMBS/008819406,Brussels Airport - Zaventem,Luchthaven-Brussel-Nationaal,1930,Zaventem,1,0,0,1,0,0,1,0,0,1,1,2,1,1,1,1,1,06:15,22:45,06:15,22:45,06:15,22:45,06:15,22:45,06:15,22:45,06:15,22:45,06:15,22:45
http://irail.be/stations/NMBS/008811148,Buda,Diegemstraat,1800,Vilvoorde,1,0,0,0,0,0,0,0,0,0,0,0,1,0,0,0,0,,,,,,,,,,,,,,
http://irail.be/stations/NMBS/008822145,Buggenhout,Kerkstraat 42,9255,Buggenhout,1,0,1,0,1,0,1,0,0,0,0,5,0,0,0,0,0,,,,,,,,,,,,,,
http://irail.be/stations/NMBS/008814340,Buizingen,Palieterweidestraat,1501,Buizingen-Halle,1,0,1,0,0,0,0,0,0,0,0,0,1,0,0,0,0,,,,,,,,,,,,,,
http://irail.be/stations/NMBS/008895455,Burst,Stationsplein 1,9420,Erpe-Mere,1,0,1,0,1,0,1,0,0,0,0,4,0,0,0,0,0,,,,,,,,,,,,,,
http://irail.be/stations/NMBS/008778100,Béziers,,,,,,,,,,,,,,,,,,,,,,,,,,,,,,,,,,
http://irail.be/stations/NMBS/008884889,Callenelle,Rue De Flines,7604,Callenelle,0,0,0,0,0,0,0,0,0,0,0,0,0,0,0,0,0,,,,,,,,,,,,,,
http://irail.be/stations/NMBS/008886074,Cambron-Casteau,Rue Notre-Dame,7940,Cambron-Casteau,0,0,0,0,0,0,0,0,0,0,0,0,0,0,0,0,0,,,,,,,,,,,,,,
http://irail.be/stations/NMBS/008775762,Cannes,,,,,,,,,,,,,,,,,,,,,,,,,,,,,,,,,,
http://irail.be/stations/NMBS/008200518,Capellen,,,,,,,,,,,,,,,,,,,,,,,,,,,,,,,,,,
http://irail.be/stations/NMBS/008865565,Carlsbourg,Rue R. Hanchir,6850,Carlsbourg,0,0,0,0,0,0,0,0,0,0,0,0,0,0,0,0,0,,,,,,,,,,,,,,
http://irail.be/stations/NMBS/008882248,Carnieres,Rue De La Station,7141,CarniÈres,1,0,1,0,0,0,0,0,0,0,0,0,0,0,0,0,0,,,,,,,,,,,,,,
http://irail.be/stations/NMBS/008811817,Ceroux-Mousty,Rue Du Monument,1341,Céroux-Mousty,1,0,0,0,0,0,0,0,0,0,0,0,0,0,0,0,0,,,,,,,,,,,,,,
http://irail.be/stations/NMBS/008774100,Chambéry-Challes-les-Eaux,,,,,,,,,,,,,,,,,,,,,,,,,,,,,,,,,,
http://irail.be/stations/NMBS/008861317,Chapelle-Dieu,Rue De Mazy,5030,Gembloux,1,0,0,0,0,0,0,0,0,0,0,0,0,0,0,0,0,,,,,,,,,,,,,,
http://irail.be/stations/NMBS/008864824,Chapois,Grand - Route,CHAP,Is,1,0,1,0,0,0,1,0,0,0,0,0,0,0,0,0,0,,,,,,,,,,,,,,
http://irail.be/stations/NMBS/008872066,Charleroi-Ouest,Place De L'Ouest,6000,Charleroi,1,0,1,0,0,0,0,0,1,0,0,0,0,0,0,0,0,,,,,,,,,,,,,,
http://irail.be/stations/NMBS/008872009,Charleroi-Sud,Square Des Martyrs Du 18 AoÛt,6000,Charleroi,1,1,1,1,1,0,1,0,1,1,1,4,1,1,0,0,1,05:45,20:30,05:45,20:30,05:45,20:30,05:45,20:30,05:45,20:30,06:00,20:30,06:00,20:30
http://irail.be/stations/NMBS/008861523,Chastre,Rue G. Delvaux 1,1450,Chastre,0,0,1,0,0,0,1,0,0,0,0,0,0,0,0,0,0,,,,,,,,,,,,,,
http://irail.be/stations/NMBS/008842051,Chaudfontaine,Esplanade,4050,Chaudfontaine,1,0,0,0,0,0,0,0,0,0,0,0,0,0,0,0,0,,,,,,,,,,,,,,
http://irail.be/stations/NMBS/008863438,Château-de-Seilles,Rue Hendschel,5300,Seilles,0,0,1,0,0,0,0,0,0,0,0,0,0,0,0,0,0,,,,,,,,,,,,,,
http://irail.be/stations/NMBS/008874005,Châtelet,Place De La Station 1,6200,Chatelet,1,0,1,0,1,0,1,0,0,0,0,4,1,0,0,0,1,06:15,13:30,06:15,13:30,06:15,13:30,06:15,13:30,06:15,13:30,,,,
http://irail.be/stations/NMBS/008842036,Chênée,Rue De La Station,4032,Chenee,1,0,0,0,0,0,0,0,0,0,0,0,1,0,0,0,0,,,,,,,,,,,,,,
http://irail.be/stations/NMBS/008864501,Ciney,Place E. Vandervelde,5590,Ciney,1,0,1,1,1,0,1,0,0,1,1,6,0,1,0,0,1,06:00,13:15,06:00,13:15,06:00,13:15,06:00,13:15,06:00,13:15,08:00,15:15,08:00,15:15
http://irail.be/stations/NMBS/008200134,Clervaux,,,,,,,,,,,,,,,,,,,,,,,,,,,,,,,,,,
http://irail.be/stations/NMBS/008718201,Colmar,,,,,,,,,,,,,,,,,,,,,,,,,,,,,,,,,,
http://irail.be/stations/NMBS/008842838,Comblain-la-Tour,Place De La Gare 1,4180,Comblain La Tour,1,0,1,0,0,0,1,0,0,0,0,0,0,0,0,0,0,,,,,,,,,,,,,,
http://irail.be/stations/NMBS/008896412,Comines,Rue Du Chemin De Fer,7780,Komen,1,0,1,0,0,0,1,0,0,0,0,4,0,0,0,0,0,,,,,,,,,,,,,,
http://irail.be/stations/NMBS/008845229,Coo,Avenue Pierre Clerdent 18,4970,Stavelot,0,0,1,0,0,0,0,0,0,0,0,0,0,0,0,0,0,,,,,,,,,,,,,,
http://irail.be/stations/NMBS/008874054,Couillet,Rue De La Gare,6010,Couillet,1,0,0,0,0,0,1,0,0,0,0,0,1,0,0,0,0,,,,,,,,,,,,,,
http://irail.be/stations/NMBS/008873379,Cour-sur-Heure,Rue De La Station,6120,Ham-Sur-Heure-Nalinnes,1,0,0,0,0,0,0,0,0,0,0,0,0,0,0,0,0,,,,,,,,,,,,,,
http://irail.be/stations/NMBS/008871225,Courcelles-Motte,Rue Churchill 390,6180,Courcelles,1,0,1,0,0,0,0,0,0,0,0,0,1,0,0,0,0,,,,,,,,,,,,,,
http://irail.be/stations/NMBS/008864949,Courrière,Rue Du Fays,5336,CourriÈre,1,0,1,0,0,0,1,0,0,0,0,0,0,0,0,0,0,,,,,,,,,,,,,,
http://irail.be/stations/NMBS/008811825,Court-Saint-Étienne,Rue Emile Henricot 1,1490,Court-Saint-Etienne,1,0,1,0,0,0,1,0,0,0,0,0,0,0,0,0,0,,,,,,,,,,,,,,
http://irail.be/stations/NMBS/008875127,Couvin,Route Charlemagne 5,5660,Couvin,1,0,1,0,1,0,1,0,0,0,0,0,0,0,0,0,0,,,,,,,,,,,,,,
http://irail.be/stations/NMBS/008728671,Croix Wasquehal,,,,,,,,,,,,,,,,,,,,,,,,,,,,,,,,,,
http://irail.be/stations/NMBS/008728105,Croix l'Allumette,,,,,,,,,,,,,,,,,,,,,,,,,,,,,,,,,,
http://irail.be/stations/NMBS/008863362,Dave-Saint-Martin,,,,,,,,,,,,,,,,,,,,,,,,,,,,,,,,,,
http://irail.be/stations/NMBS/008814175,De Hoek,Gehuchtstraat,1640,Sint-Genesius-Rode,0,0,0,0,0,0,0,0,0,0,0,0,0,0,0,0,0,,,,,,,,,,,,,,
http://irail.be/stations/NMBS/008892338,De Panne,Stationsplein 9,8660,De Panne,1,0,1,0,1,0,1,1,0,0,1,1,0,0,0,0,1,11:15,18:30,11:15,18:30,11:15,18:30,11:15,18:30,11:15,18:30,11:15,18:30,11:15,18:30
http://irail.be/stations/NMBS/008892080,De Pinte,Stationsstraat 25,9840,De Pinte,1,0,1,0,1,0,0,0,0,0,1,2,0,0,0,0,1,06:00,13:15,06:00,13:15,06:00,13:15,06:00,13:15,06:00,13:15,,,,
http://irail.be/stations/NMBS/008892106,Deinze,Statieplein 4,9800,Deinze,1,0,1,0,1,1,1,0,0,1,1,2,0,1,0,1,1,06:15,13:30,06:15,13:30,06:15,13:30,06:15,13:30,06:15,13:30,07:00,14:15,,
http://irail.be/stations/NMBS/008811205,Delta,Brug Van De Invalidenlaan,1160,Brussel,1,0,0,0,0,0,1,0,1,0,0,0,1,1,0,0,0,,,,,,,,,,,,,,
http://irail.be/stations/NMBS/008400280,Den Haag HS,,,,,,,,,,,,,,,,,,,,,,,,,,,,,,,,,,
http://irail.be/stations/NMBS/008895802,Denderleeuw,Stationsplein,9470,Denderleeuw,1,0,1,0,1,0,1,0,0,1,1,2,0,1,0,0,1,05:45,20:00,05:45,20:00,05:45,20:00,05:45,20:00,05:45,20:00,06:00,20:00,06:00,20:00
http://irail.be/stations/NMBS/008893401,Dendermonde,Statieplein,9200,Dendermonde,1,0,1,0,1,1,1,0,0,1,1,8,1,0,0,0,1,05:45,20:00,05:45,20:00,05:45,20:00,05:45,20:00,05:45,20:00,06:00,20:00,06:00,20:00
http://irail.be/stations/NMBS/008811213,Diegem,Stationsstraat Zn,1831,Diegem,1,0,1,0,0,0,1,0,0,0,0,0,1,0,0,0,0,,,,,,,,,,,,,,
http://irail.be/stations/NMBS/008831112,Diepenbeek,Stationsstraat,3590,Diepenbeek,1,0,1,0,0,0,0,0,0,0,0,0,0,0,0,0,0,,,,,,,,,,,,,,
http://irail.be/stations/NMBS/008814464,Diesdelle/Vivier d'Oie,Rue Laterale,1180,Uccle,1,0,0,0,0,0,0,0,0,0,0,0,1,0,0,0,0,,,,,,,,,,,,,,
http://irail.be/stations/NMBS/008831401,Diest,Stationsplein 1,3290,Diest,1,0,1,0,1,1,1,0,0,1,1,3,0,0,0,0,1,06:15,13:30,06:15,13:30,06:15,13:30,06:15,13:30,06:15,13:30,07:00,14:15,07:00,14:15
http://irail.be/stations/NMBS/008892452,Diksmuide,Bortierlaan,8600,Diksmuide,1,0,1,0,1,0,1,0,0,0,1,3,0,0,0,0,1,06:00,13:15,06:00,13:15,06:00,13:15,06:00,13:15,06:00,13:15,,,,
http://irail.be/stations/NMBS/008812237,Dilbeek,Stationsstraat,1700,Dilbeek,1,0,1,0,1,0,1,0,0,0,0,1,1,0,0,0,0,,,,,,,,,,,,,,
http://irail.be/stations/NMBS/008863503,Dinant,Avenue Franchet d'Esperey 1,5500,Dinant,1,0,1,1,1,0,1,0,0,1,1,3,0,0,0,1,1,05:45,13:00,05:45,13:00,05:45,13:00,05:45,13:00,05:45,13:00,08:00,15:15,,
http://irail.be/stations/NMBS/008844545,Dolhain-Gileppe,Thier De Villers,4831,Bilstain,1,0,1,0,0,0,0,0,0,0,0,0,0,0,0,0,0,,,,,,,,,,,,,,
http://irail.be/stations/NMBS/008200101,Dommeldange,,,,,,,,,,,,,,,,,,,,,,,,,,,,,,,,,,
http://irail.be/stations/NMBS/008400180,Dordrecht,,,,,,,,,,,,,,,,,,,,,,,,,,,,,,,,,,
http://irail.be/stations/NMBS/008010053,Dortmund Hbf,,,,,,,,,,,,,,,,,,,,,,,,,,,,,,,,,,
http://irail.be/stations/NMBS/008200133,Drauffelt,,,,,,,,,,,,,,,,,,,,,,,,,,,,,,,,,,
http://irail.be/stations/NMBS/008892031,Drongen,Drongenstationstraat 69,9031,Gent,1,0,1,0,0,0,0,0,0,0,0,0,0,0,0,0,0,,,,,,,,,,,,,,
http://irail.be/stations/NMBS/008015653,Duesseldorf Flughafen (DE),,,,,,,,,,,,,,,,,,,,,,,,,,,,,,,,,,
http://irail.be/stations/NMBS/008008094,Duesseldorf Hbf,,,,,,,,,,,,,,,,,,,,,,,,,,,,,,,,,,
http://irail.be/stations/NMBS/008822210,Duffel,Stationsstraat 40 B,2570,Duffel,1,0,1,0,1,0,1,0,0,0,0,2,1,0,0,0,0,,,,,,,,,,,,,,
http://irail.be/stations/NMBS/008891652,Duinbergen,Duinbergenlaan,8301,Duinbergen,0,0,1,0,0,0,0,0,0,0,0,0,0,0,0,0,0,,,,,,,,,,,,,,
http://irail.be/stations/NMBS/008010316,Duisburg Hbf,,,,,,,,,,,,,,,,,,,,,,,,,,,,,,,,,,
http://irail.be/stations/NMBS/008039904,Düsseldorf Flughafen Hbf,,,,,,,,,,,,,,,,,,,,,,,,,,,,,,,,,,
http://irail.be/stations/NMBS/007015440,Ebbsfleet International,,,,,,,,,,,,,,,,,,,,,,,,,,,,,,,,,,
http://irail.be/stations/NMBS/008895877,Ede,Huytstraat 6,9450,Haaltert,1,0,1,0,1,0,1,0,0,0,0,2,1,0,0,0,0,,,,,,,,,,,,,,
http://irail.be/stations/NMBS/008893708,Eeklo,Koningin Astridplein 1,9900,Eeklo,1,0,0,0,1,1,1,0,0,0,1,0,0,0,0,0,1,06:00,13:15,06:00,13:15,06:00,13:15,06:00,13:15,06:00,13:15,,,,
http://irail.be/stations/NMBS/008895752,Eichem,Rietstraat,9400,Ninove,1,0,0,0,0,0,0,0,0,0,0,0,0,0,0,0,0,,,,,,,,,,,,,,
http://irail.be/stations/NMBS/008400219,Eijsden,,,,,,,,,,,,,,,,,,,,,,,,,,,,,,,,,,
http://irail.be/stations/NMBS/008892627,Eine,Misweg,9700,Eine,0,0,1,0,0,0,0,0,0,0,0,0,0,0,0,0,0,,,,,,,,,,,,,,
http://irail.be/stations/NMBS/008892650,Eke-Nazareth,Stationsstraat,9810,Eke - Nazareth,1,0,1,0,0,0,1,0,0,0,0,0,0,0,0,0,0,,,,,,,,,,,,,,
http://irail.be/stations/NMBS/008821071,Ekeren,Statiestraat,2180,Antwerpen (ekeren),0,0,1,0,0,0,0,0,0,0,0,2,1,0,0,0,0,,,,,,,,,,,,,,
http://irail.be/stations/NMBS/008883311,Enghien,Rue De La Station,7850,Enghien,1,0,1,0,1,0,1,0,0,0,1,5,0,0,0,0,1,05:45,20:00,05:45,20:00,05:45,20:00,05:45,20:00,05:45,20:00,06:45,14:00,06:45,14:00
http://irail.be/stations/NMBS/008843240,Engis,Place Des Déportés Et Réfractaires 42,4480,Engis,0,0,1,0,0,0,0,0,0,0,0,0,0,0,0,0,0,,,,,,,,,,,,,,
http://irail.be/stations/NMBS/008822269,Eppegem,Brusselsesteenweg,1980,Eppegem,1,0,1,0,0,0,1,0,0,0,0,2,1,0,0,0,0,,,,,,,,,,,,,,
http://irail.be/stations/NMBS/008881158,Erbisœul,Chemin Du Prince,7050,Erbisoeul,1,0,0,0,0,0,0,0,0,0,0,0,0,0,0,0,0,,,,,,,,,,,,,,
http://irail.be/stations/NMBS/008895091,Erembodegem,C. Walgraefplein,9320,Erembodegem,1,0,0,0,1,0,0,0,0,0,0,0,0,0,0,0,0,,,,,,,,,,,,,,
http://irail.be/stations/NMBS/008861515,Ernage,Rue De La 1Ère Division Marocaine,5030,Gembloux,1,0,0,0,0,0,1,0,0,0,0,0,0,0,0,0,0,,,,,,,,,,,,,,
http://irail.be/stations/NMBS/008895471,Erpe-Mere,Oudenaardsesteenweg,9420,Erpe-Mere,0,0,0,0,0,0,0,0,0,0,0,0,0,0,0,0,0,,,,,,,,,,,,,,
http://irail.be/stations/NMBS/008811262,Erps-Kwerps,Kouterstraat Zn,3071,Erps-Kwerps,1,0,1,0,0,0,0,0,0,0,0,0,1,0,0,0,0,,,,,,,,,,,,,,
http://irail.be/stations/NMBS/008871605,Erquelinnes,Rue Albert I 233,6560,Erquelinnes,1,0,1,0,0,0,1,0,0,0,0,1,0,0,0,0,0,,,,,,,,,,,,,,
http://irail.be/stations/NMBS/008879004,Erquelinnes-Frontière,,,,,,,,,,,,,,,,,,,,,,,,,,,,,,,,,,
http://irail.be/stations/NMBS/008871647,Erquelinnes-Village,Rue Du 11 Novembre - Rue De La Sambre,6560,Erquelinnes,1,0,0,0,0,0,1,0,0,0,0,0,0,0,0,0,0,,,,,,,,,,,,,,
http://irail.be/stations/NMBS/008842663,Esneux,Avenue De La Station 64,4130,Esneux,1,0,1,0,0,0,1,0,0,0,0,0,0,0,0,0,0,,,,,,,,,,,,,,
http://irail.be/stations/NMBS/008821402,Essen,Spoorwegstraat 2,2910,Essen,1,0,1,0,1,0,1,0,0,0,1,3,1,0,0,0,1,06:15,13:30,06:15,13:30,06:15,13:30,06:15,13:30,06:15,13:30,07:15,14:30,07:15,14:30
http://irail.be/stations/NMBS/008010184,Essen Hbf,,,,,,,,,,,,,,,,,,,,,,,,,,,,,,,,,,
http://irail.be/stations/NMBS/008829009,Essen-Grens,,,,,,,,,,,,,,,,,,,,,,,,,,,,,,,,,,
http://irail.be/stations/NMBS/008812260,Essene-Lombeek,Sluisvijverstraat,1742,Ternat,1,0,1,0,0,0,0,0,0,0,0,0,1,0,0,0,0,,,,,,,,,,,,,,
http://irail.be/stations/NMBS/008200120,Ettelbréck,,,,,,,,,,,,,,,,,,,,,,,,,,,,,,,,,,
http://irail.be/stations/NMBS/008811411,Etterbeek,Generaal Jacqueslaan 263f,1050,Elsene,1,0,1,0,1,0,1,1,0,0,0,0,1,0,0,0,1,06:15,20:15,06:15,20:15,06:15,20:15,06:15,20:15,06:15,20:15,,,,
http://irail.be/stations/NMBS/008844628,Eupen,Bahnhofstrasse 2,4700,Eupen,1,0,1,0,1,0,1,0,0,0,1,1,0,0,0,0,1,07:00,14:15,07:00,14:15,07:00,14:15,07:00,14:15,07:00,14:15,07:00,14:15,07:00,14:15
http://irail.be/stations/NMBS/008811106,Evere,Kurth Godefroidstraat,1140,Brussel,1,0,0,0,0,0,1,0,0,0,0,0,1,0,0,0,0,,,,,,,,,,,,,,
http://irail.be/stations/NMBS/008893252,Evergem,Stationsplein,9940,Evergem,1,0,0,0,0,0,0,0,0,0,0,1,1,0,0,0,0,,,,,,,,,,,,,,
http://irail.be/stations/NMBS/008833449,Ezemaal,Kraanbeekstraat Zn.,3400,Ezemaal,1,0,1,0,0,0,1,0,0,0,0,0,0,0,0,0,0,,,,,,,,,,,,,,
http://irail.be/stations/NMBS/008883238,Familleureux,Place De La Station,7181,Familleureux,1,0,0,0,0,0,0,0,0,0,0,0,0,0,0,0,0,,,,,,,,,,,,,,
http://irail.be/stations/NMBS/008874567,Farciennes,Rue Joseph Bolle / Rue De La Station,6240,Farciennes,1,0,0,0,0,0,1,0,0,0,0,0,0,0,0,0,0,,,,,,,,,,,,,,
http://irail.be/stations/NMBS/008872611,Faux,Rue Basse,1490,Court-Saint-Etienne,1,0,1,0,0,0,0,0,0,0,0,0,0,0,0,0,0,,,,,,,,,,,,,,
http://irail.be/stations/NMBS/008841467,Fexhe-le-Haut-Clocher,Rue De La Station 105,4347,Fexhe-Le-Haut-Clocher,1,0,1,0,0,0,0,0,0,0,0,0,0,0,0,0,0,,,,,,,,,,,,,,
http://irail.be/stations/NMBS/008861127,Flawinne,Rue F. Marchand,5020,Flawinne,1,0,1,0,0,0,0,0,0,0,0,0,0,0,0,0,0,,,,,,,,,,,,,,
http://irail.be/stations/NMBS/008843166,Flemalle-Grande,Rue De Flémalle,4400,Flemalle,0,0,0,0,0,0,0,0,0,0,0,0,0,0,0,0,0,,,,,,,,,,,,,,
http://irail.be/stations/NMBS/008843208,Flemalle-Haute,Place De La Gare 2,4400,Flemalle,1,0,1,0,0,0,1,0,0,0,1,0,0,0,0,0,0,,,,,,,,,,,,,,
http://irail.be/stations/NMBS/008872413,Fleurus,Avenue De La Gare,6220,Fleurus,1,0,1,0,0,0,1,0,0,0,1,0,0,0,0,0,0,,,,,,,,,,,,,,
http://irail.be/stations/NMBS/008861135,Floreffe,Rue Celestin Hastir 105,5150,Floreffe,1,0,1,0,0,0,1,0,0,0,0,0,0,0,0,0,0,,,,,,,,,,,,,,
http://irail.be/stations/NMBS/008866845,Florenville,,,,1,0,1,0,1,0,1,0,0,0,0,0,0,0,0,0,0,,,,,,,,,,,,,,
http://irail.be/stations/NMBS/008811767,Florival,Rue De Florival,1390,Grez Doiceau,0,0,1,0,0,0,0,0,0,0,0,0,1,0,0,0,0,,,,,,,,,,,,,,
http://irail.be/stations/NMBS/008864923,Florée,Rue Des Grands Champs,5334,Florée,0,0,0,0,0,0,0,0,0,0,0,0,0,0,0,0,0,,,,,,,,,,,,,,
http://irail.be/stations/NMBS/008871688,Fontaine-Valmont,Rue De L'Eglise  //  Rue Albert 1°,6560,Erquelinnes,1,0,0,0,0,0,0,0,0,0,0,0,0,0,0,0,0,,,,,,,,,,,,,,
http://irail.be/stations/NMBS/008871514,Forchies,Rue Des Prisonniers De Guerre,6141,Forchies,0,0,0,0,0,0,0,0,0,0,0,0,0,0,0,0,0,,,,,,,,,,,,,,
http://irail.be/stations/NMBS/008864311,Forrières,Rue De France,6953,Forrieres (nassogne),1,0,0,0,0,0,1,0,0,0,0,0,0,0,0,0,0,,,,,,,,,,,,,,
http://irail.be/stations/NMBS/008844255,Fraipont,Rue Du Village,4870,Trooz,1,0,0,0,0,0,0,0,0,0,0,0,1,0,0,0,0,,,,,,,,,,,,,,
http://irail.be/stations/NMBS/008881570,Frameries,Rue De La Station 1,7080,Frameries,1,0,1,0,0,0,0,0,0,0,0,2,0,0,0,0,0,,,,,,,,,,,,,,
http://irail.be/stations/NMBS/008844347,Franchimont,Rue Des Champs,4910,Theux,0,0,0,0,0,0,0,0,0,0,0,0,0,0,0,0,0,,,,,,,,,,,,,,
http://irail.be/stations/NMBS/008861143,Franière,Place De La Gare 3,5150,Franiere,1,0,1,0,0,0,0,0,0,0,0,0,0,0,0,0,0,,,,,,,,,,,,,,
http://irail.be/stations/NMBS/008061676,Frankfurt am Main Flughafen Fernbf,,,,,,,,,,,,,,,,,,,,,,,,,,,,,,,,,,
http://irail.be/stations/NMBS/008011090,Frankfurt am Main Flughafen Reginalbf,,,,,,,,,,,,,,,,,,,,,,,,,,,,,,,,,,
http://irail.be/stations/NMBS/008011068,Frankfurt am Main Hbf,,,,,,,,,,,,,,,,,,,,,,,,,,,,,,,,,,
http://irail.be/stations/NMBS/008885068,Froyennes,Rue De La Gare,7503,Froyennes,1,0,1,0,0,0,0,0,0,0,0,0,0,0,0,0,0,,,,,,,,,,,,,,
http://irail.be/stations/NMBS/008895620,Galmaarden,Stationsstraat 67,1570,Galmaarden,1,0,1,0,1,0,0,0,0,0,0,3,1,0,0,0,0,,,,,,,,,,,,,,
http://irail.be/stations/NMBS/008811742,Gastuche,Place J. Hallaux,1390,Grez Doiceau,1,0,1,0,0,0,1,0,0,0,0,0,1,0,0,0,0,,,,,,,,,,,,,,
http://irail.be/stations/NMBS/008892643,Gavere-Asper,P. Heysestraat 1,9890,Gavere,1,0,1,0,0,0,0,0,0,0,0,0,0,0,0,0,0,,,,,,,,,,,,,,
http://irail.be/stations/NMBS/008865649,Gedinne,Gedinne Station,5575,Gedinne,1,0,1,0,0,0,1,0,0,0,0,0,0,0,0,0,0,,,,,,,,,,,,,,
http://irail.be/stations/NMBS/008832433,Geel,Stationsplein 43,2440,Geel,1,0,1,1,1,1,1,0,0,0,1,2,0,0,0,0,1,05:45,13:00,05:45,13:00,05:45,13:00,05:45,13:00,05:45,13:00,07:45,15:00,07:45,15:00
http://irail.be/stations/NMBS/008861200,Gembloux,Avenue De La Station,5030,Gembloux,1,0,1,1,1,0,1,0,0,0,1,10,1,0,0,0,1,05:45,20:00,05:45,20:00,05:45,20:00,05:45,20:00,05:45,20:00,06:15,20:00,06:15,20:00
http://irail.be/stations/NMBS/008863834,Gendron-Celles,Gare De Gendron-Celles,5561,Gendron-Celles,1,0,0,0,0,0,1,0,0,0,0,0,0,0,0,0,0,,,,,,,,,,,,,,
http://irail.be/stations/NMBS/008831765,Genk,Europalaan 39,3600,Genk,1,0,1,1,1,1,1,0,0,0,1,3,0,1,0,1,1,06:00,13:15,06:00,13:15,06:00,13:15,06:00,13:15,06:00,13:15,06:45,14:00,,
http://irail.be/stations/NMBS/008881562,Genly,Route De Bavay,7040,Genly,1,0,0,0,0,0,0,0,0,0,0,0,0,0,0,0,0,,,,,,,,,,,,,,
http://irail.be/stations/NMBS/008893120,Gent-Dampoort,Oktrooiplein 10,9000,Gent,1,1,1,1,1,1,1,0,0,0,1,4,0,1,0,1,1,05:45,20:00,05:45,20:00,05:45,20:00,05:45,20:00,05:45,20:00,06:00,20:00,06:00,20:00
http://irail.be/stations/NMBS/008892007,Gent-Sint-Pieters,Koningin Maria Hendrikaplein 1,9000,Gent,1,1,1,1,1,1,1,1,0,1,1,3,1,1,0,1,1,05:45,21:30,05:45,21:30,05:45,21:30,05:45,21:30,05:45,21:30,06:00,21:30,06:00,21:30
http://irail.be/stations/NMBS/008893179,Gentbrugge,Rinskopflaan 55,9050,Gentbrugge,1,0,1,0,0,0,0,1,0,0,0,0,0,0,0,0,0,,,,,,,,,,,,,,
http://irail.be/stations/NMBS/008811528,Genval,Rue De La Station,1332,Genval,1,0,1,0,1,0,1,0,0,0,0,2,0,0,0,0,1,06:15,13:30,06:15,13:30,06:15,13:30,06:15,13:30,06:15,13:30,,,,
http://irail.be/stations/NMBS/008895505,Geraardsbergen,Stationsplein,9500,Geraardsbergen,1,0,1,0,1,1,1,0,0,0,1,2,1,0,0,0,1,06:15,13:30,06:15,13:30,06:15,13:30,06:15,13:30,06:15,13:30,07:00,14:15,07:00,14:15
http://irail.be/stations/NMBS/008881125,Ghlin,Rue d'Herchies,7011,Ghlin,0,0,1,0,0,0,0,0,0,0,0,0,0,0,0,0,0,,,,,,,,,,,,,,
http://irail.be/stations/NMBS/008841731,Glons,Rue De La Station,4690,Bassenge (glons),1,0,0,0,0,0,0,0,0,0,0,0,0,0,0,0,0,,,,,,,,,,,,,,
http://irail.be/stations/NMBS/008871381,Godarville,Place De Gaulle,7160,Godarville,1,0,1,0,0,0,0,0,0,0,0,0,0,0,0,0,0,,,,,,,,,,,,,,
http://irail.be/stations/NMBS/008863560,Godinne,Rue Grande 7,5530,Godinne,1,0,1,0,0,0,1,0,0,0,0,0,0,0,0,0,0,,,,,,,,,,,,,,
http://irail.be/stations/NMBS/008200129,Goebelsmühle,,,,,,,,,,,,,,,,,,,,,,,,,,,,,,,,,,
http://irail.be/stations/NMBS/008893047,Gontrode,Geraardsbergsesteenweg,9090,Gontrode - Melle,1,0,1,0,0,0,1,0,0,0,0,0,0,0,0,0,0,,,,,,,,,,,,,,
http://irail.be/stations/NMBS/008845005,Gouvy,Rue De La Gare 31,6670,Gouvy,1,0,1,0,1,0,1,0,0,0,1,3,0,0,0,0,1,15:15,18:45,15:15,18:45,15:15,18:45,15:15,18:45,15:15,18:45,,,,
http://irail.be/stations/NMBS/008849072,Gouvy-Frontiere,,,,,,,,,,,,,,,,,,,,,,,,,,,,,,,,,,
http://irail.be/stations/NMBS/008871373,Gouy-lez-Pieton,Rue De La Station,6181,Gouy-Lez-Pieton,1,0,1,0,0,0,0,0,0,0,0,0,0,0,0,0,0,,,,,,,,,,,,,,
http://irail.be/stations/NMBS/008865615,Graide,Rue De La Gare 1,5555,Graide,1,0,1,0,0,0,1,0,0,0,0,0,0,0,0,0,0,,,,,,,,,,,,,,
http://irail.be/stations/NMBS/008811445,Groenendaal,Groenendaalsesteenweg,1560,Hoeilaart,1,0,1,0,0,0,1,0,0,0,0,2,1,0,0,0,0,,,,,,,,,,,,,,
http://irail.be/stations/NMBS/008812229,Groot-Bijgaarden,Brusselstraat,1702,Groot-Bijgaarden - Dilbeek,1,0,1,0,0,0,0,1,0,0,0,0,1,0,0,0,0,,,,,,,,,,,,,,
http://irail.be/stations/NMBS/008864337,Grupont,Rue Elisabeth,6927,Grupont,1,0,1,0,0,0,1,0,0,0,0,0,0,0,0,0,0,,,,,,,,,,,,,,
http://irail.be/stations/NMBS/008822517,Haacht,Provinciesteenweg 22,3150,Haacht,1,0,1,0,1,0,1,0,0,0,1,2,0,0,0,0,0,,,,,,,,,,,,,,
http://irail.be/stations/NMBS/008895869,Haaltert,Stationsstraat,9450,Haaltert,1,0,1,0,1,0,1,0,0,0,0,2,1,0,0,0,0,,,,,,,,,,,,,,
http://irail.be/stations/NMBS/008866142,Habay,Rue Du Vivier,6720,Habay,0,0,1,0,0,0,1,0,0,0,0,0,0,0,0,0,0,,,,,,,,,,,,,,
http://irail.be/stations/NMBS/008884327,Hainin,Rue De La Station,7350,Hainin,1,0,0,0,0,0,0,0,0,0,0,0,0,0,0,0,0,,,,,,,,,,,,,,
http://irail.be/stations/NMBS/008866530,Halanzy,Place De La Gare 1,6792,Halanzy,1,0,1,0,0,0,0,0,0,0,0,3,0,0,0,0,0,,,,,,,,,,,,,,
http://irail.be/stations/NMBS/008814308,Halle,Van Den Peereboomstraat,1500,Halle,1,0,1,0,1,1,1,0,0,1,1,2,0,1,0,1,1,06:15,20:00,06:15,20:00,06:15,20:00,06:15,20:00,06:15,20:00,08:15,15:30,10:15,17:30
http://irail.be/stations/NMBS/008873387,Ham-sur-Heure,Chemin d'Hameau,6120,Ham-Sur-Heure-Nalinnes,0,0,1,0,0,0,0,0,0,0,0,0,0,0,0,0,0,,,,,,,,,,,,,,
http://irail.be/stations/NMBS/008861168,Ham-sur-Sambre,Rue De La Gare,5190,Ham Sur Sambre,0,0,0,0,0,0,0,0,0,0,0,0,0,0,0,0,0,,,,,,,,,,,,,,
http://irail.be/stations/NMBS/008822533,Hambos,Kapelleweg Zn.,3150,Tildonk-Hambos,0,0,1,0,0,0,0,0,0,0,0,0,0,0,0,0,0,,,,,,,,,,,,,,
http://irail.be/stations/NMBS/008842846,Hamoir,Rue De La Station 16,4180,Hamoir,1,0,1,0,0,0,0,0,0,0,0,0,0,0,0,0,0,,,,,,,,,,,,,,
http://irail.be/stations/NMBS/008832664,Hamont,Stationsplein,3930,Hamont,1,0,0,0,0,0,0,0,0,0,0,0,0,0,0,0,0,,,,,,,,,,,,,,
http://irail.be/stations/NMBS/008891165,Hansbeke,Hansbekedorp,9850,Nevele,1,0,1,0,0,0,1,0,0,0,0,2,0,0,0,0,0,,,,,,,,,,,,,,
http://irail.be/stations/NMBS/008884640,Harchies,Rue De Stambruges,7321,Harchies,1,0,0,0,0,0,0,0,0,0,0,0,0,0,0,0,0,,,,,,,,,,,,,,
http://irail.be/stations/NMBS/008896115,Harelbeke,Stationsplein,8530,Harelbeke,1,0,1,0,1,0,1,0,0,0,0,4,0,1,0,0,1,06:00,13:15,06:00,13:15,06:00,13:15,06:00,13:15,06:00,13:15,,,,
http://irail.be/stations/NMBS/008811155,Haren,Middelweg,1130,Haren,1,0,0,0,0,0,1,0,0,0,0,0,1,0,0,0,0,,,,,,,,,,,,,,
http://irail.be/stations/NMBS/008811130,Haren-Sud/Haren-Zuid,Verdunstraat,1130,Brussel,1,0,0,0,0,0,1,0,0,0,0,0,1,0,0,0,0,,,,,,,,,,,,,,
http://irail.be/stations/NMBS/008831005,Hasselt,Stationsplein 2 - 6,3500,Hasselt,1,0,1,1,1,1,1,0,0,1,1,3,0,1,0,0,1,05:45,20:00,05:45,20:00,05:45,20:00,05:45,20:00,05:45,20:00,06:00,20:00,06:00,20:00
http://irail.be/stations/NMBS/008843349,Haute-Flône,Rue Malliene,4470,Saint-Georges-Sur-Meuse,0,0,0,0,0,0,0,0,0,0,0,0,0,0,0,0,0,,,,,,,,,,,,,,
http://irail.be/stations/NMBS/008731388,Haute-Picardie TGV,,,,,,,,,,,,,,,,,,,,,,,,,,,,,,,,,,
http://irail.be/stations/NMBS/008864832,Haversin,Place d'Odenas,5590,Haversin,1,0,1,0,0,0,0,0,0,0,0,0,0,0,0,0,0,,,,,,,,,,,,,,
http://irail.be/stations/NMBS/008881430,Havre,Place De La Gare,7021,Havré,1,0,1,0,0,0,0,0,0,0,0,0,0,0,0,0,0,,,,,,,,,,,,,,
http://irail.be/stations/NMBS/008821519,Heide,Heidestatieplein 2,2920,Heide,1,0,1,0,1,0,1,0,0,0,0,2,1,0,0,0,1,06:00,13:15,06:00,13:15,06:00,13:15,06:00,13:15,06:00,13:15,,,,
http://irail.be/stations/NMBS/008891645,Heist,Stationsplein 1,8301,Knokke-Heist,1,0,1,0,1,0,1,0,0,0,0,2,1,0,0,0,0,07:15,14:40,07:15,14:40,07:15,14:40,07:15,14:40,07:15,14:40,07:15,14:40,07:15,14:40
http://irail.be/stations/NMBS/008821832,Heist-op-den-Berg,Boudewijnlaan,2220,Heist-Op-Den-Berg,1,0,1,0,1,1,1,0,0,0,1,2,0,0,0,0,1,06:15,13:30,06:15,13:30,06:15,13:30,06:15,13:30,06:15,13:30,07:00,14:15,07:00,14:15
http://irail.be/stations/NMBS/008812153,Heizijde,Klein Antwerpenstraat,9280,Heizijde,0,0,1,0,0,0,0,0,0,0,0,1,1,0,0,0,0,,,,,,,,,,,,,,
http://irail.be/stations/NMBS/008728606,Hellemmes,,,,,,,,,,,,,,,,,,,,,,,,,,,,,,,,,,
http://irail.be/stations/NMBS/008824224,Hemiksem,Statieplaats,2620,Hemiksem,1,0,1,0,0,0,1,0,0,0,0,1,0,0,0,0,0,,,,,,,,,,,,,,
http://irail.be/stations/NMBS/008883022,Hennuyères,Chemin De La DÎme 12,7090,HennuyÈres,1,0,0,0,0,0,0,0,0,0,0,0,0,0,0,0,0,,,,,,,,,,,,,,
http://irail.be/stations/NMBS/008811288,Herent,Mechelsesteenweg Zn,3020,Herent,1,0,1,0,0,0,1,0,0,0,0,2,1,0,0,0,0,,,,,,,,,,,,,,
http://irail.be/stations/NMBS/008821717,Herentals,Stationsplein 1 Bus 1,2200,Herentals,1,0,1,0,1,1,1,0,0,0,1,2,0,0,0,0,1,05:45,20:00,05:45,20:00,05:45,20:00,05:45,20:00,05:45,20:00,06:00,20:00,07:45,15:00
http://irail.be/stations/NMBS/008844644,Hergenrath,Bahnofstrasse,4728,Hergenrath,1,0,0,0,0,0,0,0,0,0,0,0,1,0,0,0,0,,,,,,,,,,,,,,
http://irail.be/stations/NMBS/008849023,Hergenrath-Frontiere,,,,,,,,,,,,,,,,,,,,,,,,,,,,,,,,,,
http://irail.be/stations/NMBS/008895646,Herne,Stationsstraat 115,1540,Herne,1,0,1,0,1,0,0,0,0,0,0,0,1,0,0,0,0,,,,,,,,,,,,,,
http://irail.be/stations/NMBS/008885753,Herseaux,Rue Des Cheminots,7712,Herseaux,1,0,0,0,1,0,1,0,0,0,0,0,0,0,0,0,0,,,,,,,,,,,,,,
http://irail.be/stations/NMBS/008841608,Herstal,Rue De La Station 1,4040,Herstal,1,0,1,0,0,0,0,0,0,0,0,0,0,0,0,0,0,,,,,,,,,,,,,,
http://irail.be/stations/NMBS/008895430,Herzele,Stationsstraat 239,9550,Herzele,1,0,1,0,1,0,1,0,0,0,0,4,1,0,0,0,0,,,,,,,,,,,,,,
http://irail.be/stations/NMBS/008832243,Heusden,Koerselsebaan,3550,Heusden-Zolder,1,0,1,0,0,0,0,0,0,0,0,1,0,0,0,0,0,,,,,,,,,,,,,,
http://irail.be/stations/NMBS/008822459,Hever,Stationsstraat,3191,Hever,1,0,1,0,0,0,0,0,0,0,0,0,0,0,0,0,0,,,,,,,,,,,,,,
http://irail.be/stations/NMBS/008833126,Heverlee,Naamsesteenweg Zn.,3001,Heverlee,1,0,1,0,0,0,1,0,0,0,0,1,0,0,0,0,0,,,,,,,,,,,,,,
http://irail.be/stations/NMBS/008895422,Hillegem,Perrestraat,9550,Herzele,1,0,0,0,0,0,0,0,0,0,0,0,1,0,0,0,0,,,,,,,,,,,,,,
http://irail.be/stations/NMBS/008824158,Hoboken-Polder,Berkenrodelei,2660,Antwerpen (hoboken),1,0,1,0,0,0,0,0,0,0,0,0,0,0,0,0,0,,,,,,,,,,,,,,
http://irail.be/stations/NMBS/008811460,Hoeilaart,Charles Coppensstraat,1560,Hoeilaart,1,0,0,0,0,0,0,0,0,0,0,0,0,0,0,0,0,,,,,,,,,,,,,,
http://irail.be/stations/NMBS/008822277,Hofstade,Tervuursesteenweg,1981,Hofstade,1,0,1,0,0,0,1,0,0,0,0,2,0,0,0,0,0,,,,,,,,,,,,,,
http://irail.be/stations/NMBS/008814159,Holleken,Perkstraat,1630,Linkebeek,0,0,0,0,0,0,0,0,0,0,0,0,0,0,0,0,0,,,,,,,,,,,,,,
http://irail.be/stations/NMBS/008842655,Hony,Rue Ferdinand Spineux 22,4130,Esneux,1,0,1,0,0,0,0,0,0,0,0,0,0,0,0,0,0,,,,,,,,,,,,,,
http://irail.be/stations/NMBS/008886553,Houraing,Chemin De ChiÈvres,7860,Lessines,1,0,0,0,0,0,0,0,0,0,0,0,0,0,0,0,0,,,,,,,,,,,,,,
http://irail.be/stations/NMBS/008871829,Hourpes,Chemin Du Halage,6540,Lobbes,1,0,0,0,0,0,0,0,0,0,0,0,0,0,0,0,0,,,,,,,,,,,,,,
http://irail.be/stations/NMBS/008863842,Houyet,Rue De La Station,5560,Houyet,1,0,0,0,0,0,1,0,0,0,0,0,1,0,0,0,0,,,,,,,,,,,,,,
http://irail.be/stations/NMBS/008821337,Hove,Kapelstraat 117,2540,Hove,1,0,1,0,0,0,1,0,0,0,0,1,1,0,0,0,0,,,,,,,,,,,,,,
http://irail.be/stations/NMBS/008814415,Huizingen,Vaucampslaan,1654,Huizingen-Beersel,1,0,0,0,0,0,1,0,0,0,0,0,1,0,0,0,0,,,,,,,,,,,,,,
http://irail.be/stations/NMBS/008843307,Huy,Place Zénobe Gramme 4,4500,Huy,1,0,1,1,1,0,1,0,0,0,1,1,0,0,0,0,1,05:45,20:00,05:45,20:00,05:45,20:00,05:45,20:00,05:45,20:00,07:45,15:00,07:45,15:00
http://irail.be/stations/NMBS/008895844,Iddergem,Landuitstraat,9472,Iddergem - Denderleeuw,1,0,0,0,0,0,0,0,0,0,0,0,0,0,0,0,0,,,,,,,,,,,,,,
http://irail.be/stations/NMBS/008895729,Idegem,Bareelstraat,9506,Idegem,1,0,0,0,0,0,0,0,0,0,0,0,1,0,0,0,0,,,,,,,,,,,,,,
http://irail.be/stations/NMBS/008896503,Ieper,R. Colaertplein 35,8900,Ieper,1,0,1,0,1,1,1,0,0,0,1,2,0,0,0,0,1,06:00,13:15,06:00,13:15,06:00,13:15,06:00,13:15,06:00,13:15,07:00,14:15,,
http://irail.be/stations/NMBS/008896925,Ingelmunster,Stationsplein 18,8770,Ingelmunster,1,0,1,0,1,0,1,0,0,0,0,5,0,0,0,0,0,,,,,,,,,,,,,,
http://irail.be/stations/NMBS/008896909,Izegem,Stationsstraat 2a,8870,Izegem,1,0,0,0,1,0,1,0,0,0,1,6,0,0,0,0,1,06:00,13:15,06:00,13:15,06:00,13:15,06:00,13:15,06:00,13:15,07:00,14:15,07:00,14:15
http://irail.be/stations/NMBS/008863115,Jambes,Place De La Gare Fleurie 1,5100,Jambes,1,0,1,0,1,0,1,0,0,0,1,3,1,0,0,0,1,05:45,13:00,05:45,13:00,05:45,13:00,05:45,13:00,05:45,13:00,,,,
http://irail.be/stations/NMBS/008863354,Jambes-Est,Montagne Sainte-Barbe,5100,Jambes,0,0,1,0,0,0,1,0,0,0,0,0,0,0,0,0,0,,,,,,,,,,,,,,
http://irail.be/stations/NMBS/008871175,Jamioulx,Rue d'Andremont,6120,Jamioulx,1,0,0,0,0,0,0,0,0,0,0,0,0,0,0,0,0,,,,,,,,,,,,,,
http://irail.be/stations/NMBS/008884566,Jemappes,Place De Jericho 17,7012,Jemappes,1,0,0,0,0,0,0,0,0,0,0,0,0,0,0,0,0,,,,,,,,,,,,,,
http://irail.be/stations/NMBS/008843158,Jemeppe-sur-Meuse,Rue Sualem R.,4101,Jemeppe-Sur-Meuse,0,0,0,0,0,0,0,0,0,0,0,0,0,0,0,0,0,,,,,,,,,,,,,,
http://irail.be/stations/NMBS/008874724,Jemeppe-sur-Sambre,Place De La Station 1,5190,Jemeppe-Sur-Sambre,1,0,1,0,1,0,1,0,0,0,0,2,0,0,0,0,0,,,,,,,,,,,,,,
http://irail.be/stations/NMBS/008812047,Jette,Kardinaal Mercierplein 22,1090,Jette,1,0,1,0,1,0,1,1,0,0,0,2,0,0,0,0,1,06:45,14:00,06:45,14:00,06:45,14:00,06:45,14:00,06:45,14:00,,,,
http://irail.be/stations/NMBS/008881166,Jurbeke,Place De La Gare 9,7050,Jurbise,1,0,1,0,1,0,0,0,0,0,0,0,0,0,0,0,1,05:45,13:00,05:45,13:00,05:45,13:00,05:45,13:00,05:45,13:00,,,,
http://irail.be/stations/NMBS/008844321,Juslenville,Rue De La Gare,4910,Theux,0,0,1,0,0,0,0,0,0,0,0,0,0,0,0,0,0,,,,,,,,,,,,,,
http://irail.be/stations/NMBS/008821444,Kalmthout,Statieplein 2,2920,Kalmthout,1,0,1,0,1,0,0,0,0,0,0,2,1,0,0,0,0,,,,,,,,,,,,,,
http://irail.be/stations/NMBS/008822053,Kapelle-op-den-Bos,Spoorwegstraat,1880,Kapelle-Op-Den-Bos,1,0,1,0,0,0,1,0,0,0,0,0,1,0,0,0,0,,,,,,,,,,,,,,
http://irail.be/stations/NMBS/008821535,Kapellen,Stationstraat 62,2950,Kapellen,1,0,1,0,1,0,1,0,0,0,1,2,1,0,0,0,1,06:00,13:15,06:00,13:15,06:00,13:15,06:00,13:15,06:00,13:15,,,,
http://irail.be/stations/NMBS/008200130,Kautebaach,,,,,,,,,,,,,,,,,,,,,,,,,,,,,,,,,,
http://irail.be/stations/NMBS/008821659,Kessel,Stationssteenweg,2560,Kessel,1,0,1,0,0,0,0,0,0,0,0,0,0,0,0,0,0,,,,,,,,,,,,,,
http://irail.be/stations/NMBS/008832375,Kiewit,Kempische Steenweg,3500,Hasselt,1,0,1,0,0,0,0,0,0,0,0,0,0,0,0,0,0,,,,,,,,,,,,,,
http://irail.be/stations/NMBS/008821451,Kijkuit,Kijkuitstraat,2920,Kalmthout,1,0,0,0,0,0,0,0,0,0,0,0,1,0,0,0,0,,,,,,,,,,,,,,
http://irail.be/stations/NMBS/008200520,Klengbetten,,,,,,,,,,,,,,,,,,,,,,,,,,,,,,,,,,
http://irail.be/stations/NMBS/008891660,Knokke,M. Lippensplein 25,8300,Knokke,1,0,1,1,1,0,1,1,0,1,1,4,1,0,0,0,1,07:45,15:00,07:45,15:00,07:45,15:00,07:45,15:00,07:45,15:00,07:45,15:00,07:45,15:00
http://irail.be/stations/NMBS/008892320,Koksijde,Sint-Idesbaldusstraat,8630,Veurne,1,0,1,0,1,0,1,0,0,0,1,3,1,0,0,0,0,,,,,,,,,,,,,,
http://irail.be/stations/NMBS/008821311,Kontich-Lint,Stationsplein,2550,Kontich,1,0,1,0,1,0,1,0,0,0,1,2,1,0,0,0,1,05:45,13:00,05:45,13:00,05:45,13:00,05:45,13:00,05:45,13:00,,,,
http://irail.be/stations/NMBS/008892403,Kortemark,Stationsplein 2,8610,Kortemark,1,0,1,0,1,0,1,0,0,0,1,2,0,0,0,0,0,,,,,,,,,,,,,,
http://irail.be/stations/NMBS/008811254,Kortenberg,Stationplein,3070,Kortenberg,1,0,1,0,1,0,1,0,0,0,0,4,1,0,0,0,0,,,,,,,,,,,,,,
http://irail.be/stations/NMBS/008896008,Kortrijk,Stationsplein 8,8500,Kortrijk,1,1,1,1,1,1,1,0,0,0,1,10,0,0,0,0,1,06:15,20:30,06:15,20:30,06:15,20:30,06:15,20:30,06:15,20:30,06:15,20:30,06:15,20:30
http://irail.be/stations/NMBS/008893567,Kwatrecht,Brusselse Steenweg Zn,9230,Wetteren,1,0,1,0,0,0,0,0,0,0,1,0,1,0,0,0,0,,,,,,,,,,,,,,
http://irail.be/stations/NMBS/008015458,Köln Hbf,,,,,,,,,,,,,,,,,,,,,,,,,,,,,,,,,,
http://irail.be/stations/NMBS/008714210,Lorraine TGV,,,,,,,,,,,,,,,,,,,,,,,,,,,,,,,,,,
http://irail.be/stations/NMBS/008811510,La Hulpe,Place Favresse,1310,La Hulpe,1,0,1,0,1,0,1,0,0,0,0,3,1,0,0,0,1,06:15,13:30,06:15,13:30,06:15,13:30,06:15,13:30,06:15,13:30,,,,
http://irail.be/stations/NMBS/008882107,La Louvière-Centre,Place De L'Esplanade,7100,La Louviere,1,0,0,1,1,0,1,0,0,0,0,5,0,0,0,0,1,06:30,13:45,06:30,13:45,06:30,13:45,06:30,13:45,06:30,13:45,07:00,14:15,,
http://irail.be/stations/NMBS/008882206,La Louvière-Sud,Boulevard Roi Baudouin,7100,La Louviere,1,0,1,1,1,0,1,0,0,0,1,3,0,1,0,0,1,05:45,20:00,05:45,20:00,05:45,20:00,05:45,20:00,05:45,20:00,07:00,14:15,07:00,14:15
http://irail.be/stations/NMBS/008872587,La Roche (Brabant),Rue Henval,1490,Court-Saint-Etienne,1,0,1,0,0,0,0,0,0,0,0,0,0,0,0,0,0,,,,,,,,,,,,,,
http://irail.be/stations/NMBS/008871670,Labuissière,Rue Ferrer,6560,Erquelinnes,1,0,1,0,0,0,0,0,0,0,0,0,0,0,0,0,0,,,,,,,,,,,,,,
http://irail.be/stations/NMBS/008892056,Landegem,Stationsstraat 95,9850,Landegem,1,0,0,0,1,0,1,0,0,1,1,3,1,0,0,1,0,,,,,,,,,,,,,,
http://irail.be/stations/NMBS/008871837,Landelies,Rue De Cousolre  //  Rue Albert 1°,6110,Montigny-Le-Tilleul,1,0,1,0,0,0,0,0,0,0,0,0,0,0,0,0,0,,,,,,,,,,,,,,
http://irail.be/stations/NMBS/008833605,Landen,Stationsplein 9,3400,Landen,1,0,1,0,1,0,1,0,0,0,1,4,0,0,0,0,1,05:45,13:00,05:45,13:00,05:45,13:00,05:45,13:00,05:45,13:00,07:00,14:15,07:00,14:15
http://irail.be/stations/NMBS/008774177,Landry,,,,,,,,,,,,,,,,,,,,,,,,,,,,,,,,,,
http://irail.be/stations/NMBS/008893054,Landskouter,Landskoutersteenweg,9860,Oosterzele,1,0,1,0,0,0,0,0,0,0,0,0,0,0,0,0,0,,,,,,,,,,,,,,
http://irail.be/stations/NMBS/008833258,Langdorp,Grote Meur Zn.,3201,Aarschot,1,0,1,0,0,0,0,0,0,0,0,0,0,0,0,0,0,,,,,,,,,,,,,,
http://irail.be/stations/NMBS/008874559,Le Campinaire,Rue Sifride Demoulin 6240 Farciennes,,,0,0,0,0,0,0,0,0,0,0,0,0,0,0,0,0,0,,,,,,,,,,,,,,
http://irail.be/stations/NMBS/008812161,Lebbeke,Stationsstraat 155,9280,Lebbeke,0,0,1,0,0,0,0,0,0,0,0,1,1,0,0,0,0,,,,,,,,,,,,,,
http://irail.be/stations/NMBS/008895067,Lede,Stationsstraat,9340,Lede,1,0,0,0,1,0,1,0,0,0,1,2,0,0,0,0,1,06:00,13:15,06:00,13:15,06:00,13:15,06:00,13:15,06:00,13:15,,,,
http://irail.be/stations/NMBS/008864816,Leignon,Rue De La Gare,5590,Leignon,1,0,0,0,0,0,1,0,0,0,0,0,0,0,0,0,0,,,,,,,,,,,,,,
http://irail.be/stations/NMBS/008843224,Leman,Rue Général Leman,4400,Flemalle,0,0,0,0,0,0,0,0,0,0,0,0,0,0,0,0,0,,,,,,,,,,,,,,
http://irail.be/stations/NMBS/008814332,Lembeek,Stationsstraat,1502,Lembeek-Halle,1,0,0,0,0,0,1,0,0,0,0,0,0,0,0,0,0,,,,,,,,,,,,,,
http://irail.be/stations/NMBS/008881190,Lens,Rue Vallaville / Rue De La Station,7870,Lens,0,0,1,0,0,0,0,0,0,0,0,0,0,0,0,0,0,,,,,,,,,,,,,,
http://irail.be/stations/NMBS/008832003,Leopoldsburg,Nicolaylaan,3970,Leopoldsburg,1,0,1,0,1,0,1,0,0,0,0,4,0,0,0,0,0,,,,,,,,,,,,,,
http://irail.be/stations/NMBS/008775544,Les Arcs - Draguignan,,,,,,,,,,,,,,,,,,,,,,,,,,,,,,,,,,
http://irail.be/stations/NMBS/008886504,Lessen,Rue René Magritte,7860,Lessines,1,0,1,0,1,0,1,0,0,0,0,0,0,0,0,0,1,06:00,13:15,06:00,13:15,06:00,13:15,06:00,13:15,06:00,13:15,,,,
http://irail.be/stations/NMBS/008833001,Leuven,Martelarenplein 20,3000,Leuven,1,1,1,1,1,1,1,0,0,1,1,4,1,1,0,1,1,05:45,21:30,05:45,21:30,05:45,21:30,05:45,21:30,05:45,21:30,06:00,21:30,06:00,21:30
http://irail.be/stations/NMBS/008886348,Leuze,Rue Du Seuwoir,7900,Leuze-En-Hainaut,1,0,1,0,1,0,1,0,0,0,1,7,0,0,0,0,1,05:45,13:00,05:45,13:00,05:45,13:00,05:45,13:00,05:45,13:00,,,,
http://irail.be/stations/NMBS/008882339,Leval,Rue Albert 1er,7134,Leval-Trahegnies,1,0,1,0,0,0,0,0,0,0,0,0,1,0,0,0,0,,,,,,,,,,,,,,
http://irail.be/stations/NMBS/008728710,Lezennes,,,,,,,,,,,,,,,,,,,,,,,,,,,,,,,,,,
http://irail.be/stations/NMBS/008865003,Libramont,Place De La Gare 1,6800,Libramont-Chevigny,1,0,1,0,1,0,1,0,0,1,1,2,0,0,0,0,1,06:45,14:00,06:45,14:00,06:45,14:00,06:45,14:00,06:45,14:00,08:15,15:30,11:15,18:30
http://irail.be/stations/NMBS/008892205,Lichtervelde,Statieplaats 5,8810,Lichtervelde,1,0,1,0,1,0,1,0,0,1,1,4,0,0,0,0,1,06:15,13:30,06:15,13:30,06:15,13:30,06:15,13:30,06:15,13:30,07:15,14:30,,
http://irail.be/stations/NMBS/008895836,Liedekerke,Affligemsestraat 400,1770,Liedekerke,1,0,1,0,1,0,1,0,0,0,0,1,0,0,0,0,1,06:00,13:15,06:00,13:15,06:00,13:15,06:00,13:15,06:00,13:15,,,,
http://irail.be/stations/NMBS/008821600,Lier,Leopoldplein 32,2500,Lier,1,0,1,1,1,1,1,0,0,1,1,1,0,0,0,0,1,05:45,20:00,05:45,20:00,05:45,20:00,05:45,20:00,05:45,20:00,06:00,20:00,07:45,15:00
http://irail.be/stations/NMBS/008895570,Lierde,Steenweg 112,9570,Lierde,1,0,1,0,1,0,0,0,0,0,0,2,0,0,0,0,0,,,,,,,,,,,,,,
http://irail.be/stations/NMBS/008841673,Liers,Rue Provinciale 165,4450,Liers-Juprelle,1,0,0,0,0,0,1,0,0,0,0,0,0,0,0,0,0,,,,,,,,,,,,,,
http://irail.be/stations/NMBS/008872520,Ligny,Rue Du Grand Central,5140,Ligny,1,0,1,0,0,0,0,0,0,0,0,0,0,0,0,0,0,,,,,,,,,,,,,,
http://irail.be/stations/NMBS/008722326,Lille Europe,,,,,,,,,,,,,,,,,,,,,,,,,,,,,,,,,,
http://irail.be/stations/NMBS/008728600,Lille Flandres,,,,,,,,,,,,,,,,,,,,,,,,,,,,,,,,,,
http://irail.be/stations/NMBS/008814241,Lillois,Rue René Franck,1428,Lillois-Witterzee,0,0,0,0,0,0,0,0,0,0,0,0,1,0,0,0,0,,,,,,,,,,,,,,
http://irail.be/stations/NMBS/008811635,Limal,Rue De La Gare,1300,Limal,1,0,1,0,0,0,0,0,0,0,0,1,1,0,0,0,0,,,,,,,,,,,,,,
http://irail.be/stations/NMBS/008032572,Limburg Süd,,,,,,,,,,,,,,,,,,,,,,,,,,,,,,,,,,
http://irail.be/stations/NMBS/008814142,Linkebeek,Square Marcel En Robert Maas,1630,Linkebeek,1,0,0,0,0,0,1,0,0,0,0,0,0,0,0,0,0,,,,,,,,,,,,,,
http://irail.be/stations/NMBS/008891629,Lissewege,Stationsstraat 18,8340,Lissewege,1,0,1,0,0,0,0,0,0,0,0,0,0,0,0,0,0,,,,,,,,,,,,,,
http://irail.be/stations/NMBS/008841558,Liège-Carré,Rue Pouplin,4000,Liege,1,0,0,0,0,0,1,0,0,0,0,0,0,0,0,0,0,,,,,,,,,,,,,,
http://irail.be/stations/NMBS/008841004,Liège-Guillemins,Place Des Guillemins 2,4000,Liege,1,1,1,1,1,1,1,0,0,1,1,13,1,1,1,1,1,06:00,21:00,06:00,21:00,06:00,21:00,06:00,21:00,06:00,21:00,06:00,21:00,06:00,21:00
http://irail.be/stations/NMBS/008841525,Liège-Saint-Lambert,Fond Saint-Servais 3,4000,Liege,1,0,1,0,0,0,1,0,0,0,0,0,1,0,0,0,1,05:45,20:00,05:45,20:00,05:45,20:00,05:45,20:00,05:45,20:00,06:00,20:30,07:45,15:00
http://irail.be/stations/NMBS/008871712,Lobbes,Rue De La Station 2,6540,Lobbes,1,0,0,0,1,0,1,0,0,0,1,0,0,0,0,0,1,,,,,,,,,,,,,,
http://irail.be/stations/NMBS/008872306,Lodelinsart,Rue De La Station,6042,Lodelinsart,1,0,1,0,0,0,0,0,0,0,0,0,0,0,0,0,0,,,,,,,,,,,,,,
http://irail.be/stations/NMBS/008894201,Lokeren,Stationsplein,9160,Lokeren,1,0,1,0,1,1,1,0,0,0,1,4,0,1,0,1,1,05:45,20:00,05:45,20:00,05:45,20:00,05:45,20:00,05:45,20:00,06:00,20:00,06:00,20:00
http://irail.be/stations/NMBS/008832565,Lommel,Stationstraat 278,3920,Lommel,1,0,1,0,1,0,1,0,0,0,0,3,0,0,0,0,0,,,,,,,,,,,,,,
http://irail.be/stations/NMBS/008822111,Londerzeel,Klein Holland 2,1840,Londerzeel,1,0,1,0,1,1,1,0,0,0,0,1,0,0,0,0,0,,,,,,,,,,,,,,
http://irail.be/stations/NMBS/007015400,London Saint Pancras International,,,,,,,,,,,,,,,,,,,,,,,,,,,,,,,,,,
http://irail.be/stations/NMBS/008861416,Lonzée,Rue De La Gare,5030,Lonzée,1,0,1,0,0,0,0,0,0,0,0,0,0,0,0,0,0,,,,,,,,,,,,,,
http://irail.be/stations/NMBS/008814357,Lot,Stationsstraat,1651,Lot- Beersel,1,0,0,0,0,0,0,0,0,0,0,0,0,0,0,0,0,,,,,,,,,,,,,,
http://irail.be/stations/NMBS/008811676,Louvain-la-Neuve,Rue Des Wallons 1,1348,Louvain-La-Neuve,1,0,0,0,0,0,1,0,0,0,1,0,1,0,0,1,1,06:15,20:30,06:15,20:30,06:15,20:30,06:15,20:30,06:15,20:30,06:45,21:00,06:45,21:00
http://irail.be/stations/NMBS/008863156,Lustin,Rue De La Gare,5170,Profondeville,1,0,1,0,0,0,1,0,0,0,0,0,0,0,0,0,0,,,,,,,,,,,,,,
http://irail.be/stations/NMBS/008871308,Luttre,Avenue De La Gare 1,6238,Luttre,1,0,1,0,1,0,1,0,0,0,1,4,1,0,0,0,1,05:45,13:00,05:45,13:00,05:45,13:00,05:45,13:00,05:45,13:00,,,,
http://irail.be/stations/NMBS/008772319,Lyon Part Dieu TGV,,,,,,,,,,,,,,,,,,,,,,,,,,,,,,,,,,
http://irail.be/stations/NMBS/008772202,Lyon-Perrache TGV,,,,,,,,,,,,,,,,,,,,,,,,,,,,,,,,,,
http://irail.be/stations/NMBS/008776290,Lyon-Saint Exupéry TGV,,,,,,,,,,,,,,,,,,,,,,,,,,,,,,,,,,
http://irail.be/stations/NMBS/008200100,Lëtzebuerg,,,,,,,,,,,,,,,,,,,,,,,,,,,,,,,,,,
http://irail.be/stations/NMBS/008400424,Maastricht,,,,,,,,,,,,,,,,,,,,,,,,,,,,,,,,,,
http://irail.be/stations/NMBS/008400426,Maastricht Randwyck,,,,,,,,,,,,,,,,,,,,,,,,,,,,,,,,,,
http://irail.be/stations/NMBS/008886041,Maffle,Rue Salvador Allende,7810,Maffle,0,0,1,0,0,0,0,0,0,0,0,0,0,0,0,0,0,,,,,,,,,,,,,,
http://irail.be/stations/NMBS/008822137,Malderen,Boeksheide,1840,Malderen,1,0,1,0,0,0,1,0,0,0,0,1,0,0,0,0,0,,,,,,,,,,,,,,
http://irail.be/stations/NMBS/008200516,Mamer,,,,,,,,,,,,,,,,,,,,,,,,,,,,,,,,,,
http://irail.be/stations/NMBS/008210014,Mamer-Lycée,,,,,,,,,,,,,,,,,,,,,,,,,,,,,,,,,,
http://irail.be/stations/NMBS/008882701,Manage,Place De La Gare 21,7170,Manage,1,0,1,0,0,0,1,0,0,0,0,0,0,0,0,0,0,,,,,,,,,,,,,,
http://irail.be/stations/NMBS/008866175,Marbehan,Place De La Gare 1,6724,Marbehan (habay),1,0,1,0,1,0,1,0,0,0,1,3,0,0,0,0,1,05:45,13:00,05:45,13:00,05:45,13:00,05:45,13:00,05:45,13:00,,,,
http://irail.be/stations/NMBS/008864410,Marche-en-Famenne,Rue Du Luxembourg,6900,Marche-En-Famenne,1,0,1,0,0,0,1,0,0,0,0,0,0,0,0,0,0,,,,,,,,,,,,,,
http://irail.be/stations/NMBS/008863461,Marche-les-Dames,Rue Roi Chevalier 1,5024,Marche-Les-Dames,0,0,1,0,0,0,1,0,0,0,0,0,0,0,0,0,0,,,,,,,,,,,,,,
http://irail.be/stations/NMBS/008883220,Marche-lez-Écaussinnes,Rue Joseph Wauters,7180,Marche-Lez-Ecaussinnes,1,0,1,0,0,0,0,0,0,0,0,0,0,0,0,0,0,,,,,,,,,,,,,,
http://irail.be/stations/NMBS/008871852,Marchienne-Zone,Rue De La Jambe De Bois,6110,Montigny-Le-Tilleul,0,0,0,0,0,0,0,0,0,0,0,0,0,0,0,0,0,,,,,,,,,,,,,,
http://irail.be/stations/NMBS/008871100,Marchienne-au-Pont,Place Des Combattants,6030,Marchienne-Au-Pont,1,0,1,0,1,0,1,0,0,0,0,5,1,0,0,0,1,05:45,13:00,05:45,13:00,05:45,13:00,05:45,13:00,05:45,13:00,,,,
http://irail.be/stations/NMBS/008891132,Maria-Aalter,Knesselarestr/blekkevijverstr,9880,Maria-Aalter,1,0,1,0,0,0,0,0,0,0,0,0,0,0,0,0,0,,,,,,,,,,,,,,
http://irail.be/stations/NMBS/008875002,Mariembourg,Place Léopold Roger 1,5660,Mariembourg,1,0,0,0,1,0,1,0,0,0,1,1,0,0,0,0,1,06:45,14:00,06:45,14:00,06:45,14:00,06:45,14:00,06:45,14:00,,,,
http://irail.be/stations/NMBS/008864345,Marloie,Place De La Gare 1,6900,Marloie,1,0,1,0,1,0,1,0,0,0,1,3,1,0,0,0,1,06:00,13:15,06:00,13:15,06:00,13:15,06:00,13:15,06:00,13:15,08:15,15:30,,
http://irail.be/stations/NMBS/008711184,Marne-la-Vallée - Chessy,,,,,,,,,,,,,,,,,,,,,,,,,,,,,,,,,,
http://irail.be/stations/NMBS/008775100,Marseille-Saint-Charles,,,,,,,,,,,,,,,,,,,,,,,,,,,,,,,,,,
http://irail.be/stations/NMBS/008881174,Masnuy-Saint-Pierre,Rue Des Masnuy,7050,Masnuy-Saint-Pierre,0,0,1,0,0,0,0,0,0,0,0,0,0,0,0,0,0,,,,,,,,,,,,,,
http://irail.be/stations/NMBS/008739370,Massy TGV,,,,,,,,,,,,,,,,,,,,,,,,,,,,,,,,,,
http://irail.be/stations/NMBS/008729500,Maubeuge,,,,,,,,,,,,,,,,,,,,,,,,,,,,,,,,,,
http://irail.be/stations/NMBS/008885530,Maubray,Rue De La Gare,7640,Maubray,1,0,1,0,0,0,0,0,0,0,0,0,0,0,0,0,0,,,,,,,,,,,,,,
http://irail.be/stations/NMBS/008861333,Mazy,Chaussée De Nivelle,5032,Mazy,1,0,0,0,0,0,0,0,0,0,0,0,0,0,0,0,0,,,,,,,,,,,,,,
http://irail.be/stations/NMBS/008822004,Mechelen,Koning Albertplein 2,2800,Mechelen,1,0,1,1,1,1,1,0,0,1,1,8,1,1,0,1,1,05:45,20:00,05:45,20:00,05:45,20:00,05:45,20:00,05:45,20:00,06:45,21:00,06:45,21:00
http://irail.be/stations/NMBS/008822343,Mechelen-Nekkerspoel,Ontvoeringsplein,2800,Mechelen,1,0,1,0,1,1,1,0,0,0,0,4,1,1,0,0,1,06:00,13:15,06:00,13:15,06:00,13:15,06:00,13:15,06:00,13:15,,,,
http://irail.be/stations/NMBS/008811171,Meiser,Leuvensesteenweg,1030,Brussel,1,0,0,0,0,0,1,1,0,0,0,0,1,0,0,0,0,,,,,,,,,,,,,,
http://irail.be/stations/NMBS/008821824,Melkouwen,Melkouwensesteenweg Zn.,2590,Berlaar,1,0,1,0,0,0,0,0,0,0,0,0,0,0,0,0,0,,,,,,,,,,,,,,
http://irail.be/stations/NMBS/008893039,Melle,Gemeenteplein Zn,9090,Melle,1,0,1,0,0,0,1,0,0,0,0,1,0,0,0,0,0,,,,,,,,,,,,,,
http://irail.be/stations/NMBS/008890142,Melle PW,,,,0,0,0,0,0,0,0,0,0,0,0,0,0,0,0,0,0,,,,,,,,,,,,,,
http://irail.be/stations/NMBS/008864436,Melreux-Hotton,Avenue De La Gare 1,6990,Hotton,1,0,1,0,1,0,1,0,0,0,0,1,0,0,0,0,0,,,,,,,,,,,,,,
http://irail.be/stations/NMBS/008894755,Melsele,Spoorweglaan Z/n,9120,Beveren (melsele),1,0,1,0,0,0,0,0,0,0,0,0,0,0,0,0,0,,,,,,,,,,,,,,
http://irail.be/stations/NMBS/008896305,Menen,Bevrijdingsplein,8930,Menen,1,0,0,0,1,0,1,0,0,0,1,4,0,0,0,0,1,06:15,13:30,06:15,13:30,06:15,13:30,06:15,13:30,06:15,13:30,,,,
http://irail.be/stations/NMBS/008812120,Merchtem,Stationsstraat 136,1785,Merchtem,1,0,1,0,1,0,0,0,0,0,0,2,0,0,0,0,0,,,,,,,,,,,,,,
http://irail.be/stations/NMBS/008893013,Merelbeke,Merelbekestationsplein 16,9050,Gentbrugge,1,0,1,0,1,0,1,0,0,0,0,1,1,0,0,0,0,,,,,,,,,,,,,,
http://irail.be/stations/NMBS/008811197,Merode,Tervurenlaan,1040,Brussel,1,0,0,0,0,0,1,1,1,0,0,0,1,1,0,0,0,,,,,,,,,,,,,,
http://irail.be/stations/NMBS/008200110,Mersch,,,,,,,,,,,,,,,,,,,,,,,,,,,,,,,,,,
http://irail.be/stations/NMBS/008866662,Messancy,Rue De La Station,6780,Messancy,1,0,0,0,0,0,0,0,0,0,0,0,0,0,0,0,0,,,,,,,,,,,,,,
http://irail.be/stations/NMBS/008719203,Metz,,,,,,,,,,,,,,,,,,,,,,,,,,,,,,,,,,
http://irail.be/stations/NMBS/008886058,Mevergnies-Attre,Avenue Saint Martin,7941,Attre,1,0,0,0,0,0,0,0,0,0,0,0,0,0,0,0,0,,,,,,,,,,,,,,
http://irail.be/stations/NMBS/008200128,Michelau,,,,,,,,,,,,,,,,,,,,,,,,,,,,,,,,,,
http://irail.be/stations/NMBS/008841665,Milmort,Rue Bovendael,4040,Milmort,0,0,1,0,0,0,0,0,0,0,0,0,0,0,0,0,0,,,,,,,,,,,,,,
http://irail.be/stations/NMBS/008814431,Moensberg,Horzelstraat,1180,Ukkel,1,0,0,0,0,0,1,0,0,0,0,0,0,0,0,0,0,,,,,,,,,,,,,,
http://irail.be/stations/NMBS/008832409,Mol,Statieplein 1,2400,Mol,1,0,1,0,1,1,1,0,0,0,1,4,0,0,0,1,1,05:45,20:00,05:45,20:00,05:45,20:00,05:45,20:00,05:45,20:00,07:45,15:00,07:45,15:00
http://irail.be/stations/NMBS/008812112,Mollem,Voorste Hoeve,1730,Mollem,0,0,0,0,0,0,0,0,0,0,0,0,1,0,0,0,0,,,,,,,,,,,,,,
http://irail.be/stations/NMBS/008841459,Momalle,Rue De La Gare 96,4350,Momalle,1,0,1,0,0,0,0,0,0,0,0,0,0,0,0,0,0,,,,,,,,,,,,,,
http://irail.be/stations/NMBS/008881000,Mons,Boulevard Charles Quint 33,7000,Mons,1,1,1,1,1,1,1,0,0,1,1,5,1,1,0,0,1,05:45,20:00,05:45,20:00,05:45,20:00,05:45,20:00,05:45,20:00,06:00,20:00,06:00,20:00
http://irail.be/stations/NMBS/008861549,Mont-Saint-Guibert,Rue De La Station 16,1435,Mont-St-Guibert,1,0,1,0,1,0,0,0,0,0,0,0,0,0,0,0,0,,,,,,,,,,,,,,
http://irail.be/stations/NMBS/008777300,Montpellier,,,,,,,,,,,,,,,,,,,,,,,,,,,,,,,,,,
http://irail.be/stations/NMBS/008893062,Moortsele,Van Thorenburghlaan,9860,Scheldewindeke - Oosterzele,1,0,1,0,0,0,1,0,0,0,0,1,0,0,0,0,0,,,,,,,,,,,,,,
http://irail.be/stations/NMBS/008882230,Morlanwelz,Rue Des Déportés 1,7140,Morlanwelz,1,0,1,0,0,0,0,0,0,0,0,0,0,0,0,0,0,,,,,,,,,,,,,,
http://irail.be/stations/NMBS/008821147,Mortsel,Cogelslei,2640,Mortsel,1,0,1,0,0,0,0,0,0,0,0,1,1,0,0,0,0,,,,,,,,,,,,,,
http://irail.be/stations/NMBS/008821154,Mortsel-Deurnesteenweg,Deurnestraat,2640,Mortsel,0,0,1,0,0,0,0,0,0,0,0,1,1,0,0,0,0,,,,,,,,,,,,,,
http://irail.be/stations/NMBS/008821246,Mortsel-Liersesteenweg,Weerstandsplein,2640,Mortsel,1,0,1,0,0,0,0,0,0,0,0,0,0,0,0,0,0,,,,,,,,,,,,,,
http://irail.be/stations/NMBS/008821238,Mortsel-Oude God,Groten Hof,2640,Mortsel-Oude-God,1,0,1,0,1,1,1,1,0,0,0,2,1,0,0,0,0,,,,,,,,,,,,,,
http://irail.be/stations/NMBS/008885704,Mouscron,Place De La Gare,7700,Mouscron,1,0,1,1,1,0,1,0,0,0,1,3,0,0,0,0,1,05:45,20:00,05:45,20:00,05:45,20:00,05:45,20:00,05:45,20:00,07:00,14:15,07:00,14:15
http://irail.be/stations/NMBS/008889011,Mouscron-Frontiere,,,,,,,,,,,,,,,,,,,,,,,,,,,,,,,,,,
http://irail.be/stations/NMBS/008861150,Moustier,Place De La Gare 12,5190,Moustier,1,0,1,0,1,0,1,0,0,0,0,2,1,0,0,0,0,,,,,,,,,,,,,,
http://irail.be/stations/NMBS/008811403,Mouterij/Germoir,Mouterijstraat,1050,Elsene,1,0,0,0,0,0,0,0,0,0,0,0,0,0,0,0,0,,,,,,,,,,,,,,
http://irail.be/stations/NMBS/008774172,Moûtiers-Salins-Brides-les-Bai,,,,,,,,,,,,,,,,,,,,,,,,,,,,,,,,,,
http://irail.be/stations/NMBS/008822426,Muizen,Karolingenstraat,2812,Muizen,1,0,1,0,0,0,1,0,0,0,0,0,0,0,0,0,0,,,,,,,,,,,,,,
http://irail.be/stations/NMBS/008718206,Mulhouse,,,,,,,,,,,,,,,,,,,,,,,,,,,,,,,,,,
http://irail.be/stations/NMBS/008895232,Munkzwalm,Zuidlaan 1,9630,Zwalm,1,0,0,0,0,0,0,0,0,0,0,4,1,0,0,0,0,,,,,,,,,,,,,,
http://irail.be/stations/NMBS/008842648,Méry,Place De La Gare 8,4130,Esneux,1,0,1,0,0,0,1,0,0,0,0,0,0,0,0,0,0,,,,,,,,,,,,,,
http://irail.be/stations/NMBS/008863008,Namur,Place De La Station,5000,Namur,1,1,1,1,1,1,1,0,0,1,1,2,1,1,0,1,1,05:45,20:30,05:45,20:30,05:45,20:30,05:45,20:30,05:45,20:30,06:00,20:30,06:15,20:30
http://irail.be/stations/NMBS/008863453,Namêche,Rue De La Gare 15,5300,Nameche,0,0,1,0,0,0,0,0,0,0,0,0,0,0,0,0,0,,,,,,,,,,,,,,
http://irail.be/stations/NMBS/008864964,Naninne,Rue De La Gare De Naninne 124,5100,Naninne,1,0,1,0,0,0,0,0,0,0,0,0,0,0,0,0,0,,,,,,,,,,,,,,
http://irail.be/stations/NMBS/008778110,Narbonne,,,,,,,,,,,,,,,,,,,,,,,,,,,,,,,,,,
http://irail.be/stations/NMBS/008864915,Natoye,Rue De La Gare,5360,Natoye,1,0,0,0,0,0,1,0,0,0,0,0,0,0,0,0,0,,,,,,,,,,,,,,
http://irail.be/stations/NMBS/008832615,Neerpelt,Stationsstraat 84,3910,Neerpelt,1,0,1,0,1,0,1,0,0,0,1,2,1,0,0,0,1,07:15,14:30,07:15,14:30,07:15,14:30,07:15,14:30,07:15,14:30,,,,
http://irail.be/stations/NMBS/008833670,Neerwinden,Braakkouterstraat,3400,Neerwinden,1,0,1,0,0,0,0,0,0,0,0,0,0,0,0,0,0,,,,,,,,,,,,,,
http://irail.be/stations/NMBS/008844230,Nessonvaux,Rue De La Gare,4870,Trooz,1,0,1,0,0,0,1,0,0,0,0,0,0,0,0,0,0,,,,,,,,,,,,,,
http://irail.be/stations/NMBS/008866258,Neufchâteau,Place De La Gare 37,6840,Longlier-Neufchateau,1,0,1,0,1,0,1,0,0,0,0,0,0,0,0,0,0,,,,,,,,,,,,,,
http://irail.be/stations/NMBS/008883121,Neufvilles,Place De La Gare,7063,Neufvilles,1,0,1,0,0,0,0,0,0,0,0,0,0,0,0,0,0,,,,,,,,,,,,,,
http://irail.be/stations/NMBS/008775605,Nice Ville,,,,,,,,,,,,,,,,,,,,,,,,,,,,,,,,,,
http://irail.be/stations/NMBS/008824240,Niel,Stationsstraat,2845,Niel,1,0,1,0,0,0,1,0,0,0,0,2,0,0,0,0,0,,,,,,,,,,,,,,
http://irail.be/stations/NMBS/008894714,Nieuwkerken-Waas,Heihoekstraat Z/n,9100,Sint-Niklaas (nieuwkerken-Waas),1,0,0,0,0,0,1,0,0,0,0,0,0,0,0,0,0,,,,,,,,,,,,,,
http://irail.be/stations/NMBS/008821667,Nijlen,Statieplein 1,2560,Nijlen,1,0,1,0,1,0,1,0,0,0,0,2,0,0,0,0,0,,,,,,,,,,,,,,
http://irail.be/stations/NMBS/008881315,Nimy,Rue Des Viaducs/chaussée De Bruxelles,7020,Nimy,1,0,0,0,0,0,0,0,0,0,0,0,0,0,0,0,0,,,,,,,,,,,,,,
http://irail.be/stations/NMBS/008895760,Ninove,Stationsplein 64,9400,Ninove,1,0,1,0,1,1,1,0,0,0,1,2,1,0,0,0,1,05:45,13:00,05:45,13:00,05:45,13:00,05:45,13:00,05:45,13:00,,,,
http://irail.be/stations/NMBS/008814209,Nivelles,Rue De Namur 185,1400,Nivelles,1,0,1,0,1,0,1,0,0,0,1,4,1,0,0,0,1,05:45,20:00,05:45,20:00,05:45,20:00,05:45,20:00,05:45,20:00,06:00,20:30,06:00,20:30
http://irail.be/stations/NMBS/008821105,Noorderkempen,Oudaenstraat,2960,Brecht,1,0,1,0,1,0,1,0,0,1,1,7,1,0,0,0,0,06:45,14:00,06:45,14:00,06:45,14:00,06:45,14:00,06:45,14:00,,,,
http://irail.be/stations/NMBS/008811247,Nossegem,Mechelsesteenweg Zn.,1930,Nossegem,1,0,1,0,0,0,0,0,0,0,0,0,1,0,0,0,0,,,,,,,,,,,,,,
http://irail.be/stations/NMBS/008777500,Nîmes,,,,,,,,,,,,,,,,,,,,,,,,,,,,,,,,,,
http://irail.be/stations/NMBS/008871332,Obaix-Buzet,Rue De La Station - Rue Du Tienne,6230,Luttre,1,0,0,0,0,0,0,0,0,0,0,0,1,0,0,0,0,,,,,,,,,,,,,,
http://irail.be/stations/NMBS/008881406,Obourg,Rue De Beauval 49,7034,Obourg,1,0,0,0,0,0,0,0,0,0,0,0,0,0,0,0,0,,,,,,,,,,,,,,
http://irail.be/stations/NMBS/008895778,Okegem,J. Van Ockegemstraat 2,9400,Okegem - Ninove,1,0,1,0,0,0,0,0,0,0,0,0,1,0,0,0,0,,,,,,,,,,,,,,
http://irail.be/stations/NMBS/008832458,Olen,Stationsstraat,2250,Olen,1,0,1,0,0,0,0,0,0,0,0,2,0,0,0,0,0,,,,,,,,,,,,,,
http://irail.be/stations/NMBS/008891702,Oostende,NatiËnkaai 1,8400,Oostende,1,1,1,1,1,1,1,1,0,1,1,3,1,0,0,0,1,06:15,20:30,06:15,20:30,06:15,20:30,06:15,20:30,06:15,20:30,06:45,21:00,06:45,21:00
http://irail.be/stations/NMBS/008891116,Oostkamp,Everaertstraat 1,8020,Oostkamp,0,0,1,0,0,0,1,0,0,0,0,1,0,0,0,0,0,,,,,,,,,,,,,,
http://irail.be/stations/NMBS/008812146,Opwijk,Stationsstraat 64,1745,Opwijk,1,0,1,0,1,0,1,0,0,0,0,3,0,0,0,0,1,06:00,13:15,06:00,13:15,06:00,13:15,06:00,13:15,06:00,13:15,,,,
http://irail.be/stations/NMBS/008811601,Ottignies,Av. Des Combattants,1340,Ottignies,1,0,1,1,1,1,1,0,0,1,1,3,0,0,0,0,1,06:15,20:30,06:15,20:30,06:15,20:30,06:15,20:30,06:15,20:30,06:15,20:30,06:15,20:30
http://irail.be/stations/NMBS/008833134,Oud-Heverlee,Bogaardenstraat Zn.,3050,Oud-Heverlee,1,0,1,0,0,0,0,0,0,0,0,0,0,0,0,0,0,,,,,,,,,,,,,,
http://irail.be/stations/NMBS/008893518,Oudegem,Oudegemsebaan,9200,Oudegem,1,0,1,0,0,0,1,0,0,0,0,0,0,0,0,0,0,,,,,,,,,,,,,,
http://irail.be/stations/NMBS/008892601,Oudenaarde,Stationsplein 1,9700,Oudenaarde,1,0,0,0,1,1,1,0,0,0,1,7,0,1,0,1,1,05:45,20:00,05:45,20:00,05:45,20:00,05:45,20:00,05:45,20:00,07:15,14:30,07:15,14:30
http://irail.be/stations/NMBS/008843174,Ougrée,Rue De La Gare,4102,Ougrée,1,0,0,0,0,0,0,0,0,0,0,0,0,0,0,0,0,,,,,,,,,,,,,,
http://irail.be/stations/NMBS/008832573,Overpelt,Houtmolenstraat,3900,Overpelt,1,0,1,0,0,0,0,0,0,0,0,0,0,0,0,0,0,,,,,,,,,,,,,,
http://irail.be/stations/NMBS/008865540,Paliseul,Place De La Gare 2,6850,Paliseul,1,0,0,0,0,0,0,0,0,0,0,0,1,0,0,0,0,,,,,,,,,,,,,,
http://irail.be/stations/NMBS/008886561,Papegem,Rue De La Station De Papignies,7861,Papignies,1,0,1,0,0,0,0,0,0,0,0,0,0,0,0,0,0,,,,,,,,,,,,,,
http://irail.be/stations/NMBS/008727100,Paris Nord,,,,,,,,,,,,,,,,,,,,,,,,,,,,,,,,,,
http://irail.be/stations/NMBS/008844206,Pepinster,Avenue Albert 1,4860,Pepinster,1,0,1,0,0,0,0,0,0,0,0,0,1,0,0,0,0,,,,,,,,,,,,,,
http://irail.be/stations/NMBS/008844313,Pepinster-Cité,Rue Neuve,4860,Pepinster,0,0,0,0,0,0,1,0,0,0,0,0,0,0,0,0,0,,,,,,,,,,,,,,
http://irail.be/stations/NMBS/008778400,Perpignan,,,,,,,,,,,,,,,,,,,,,,,,,,,,,,,,,,
http://irail.be/stations/NMBS/008200930,Petange,,,,,,,,,,,,,,,,,,,,,,,,,,,,,,,,,,
http://irail.be/stations/NMBS/008200102,Pfaffenthal-Kirchberg,,,,,,,,,,,,,,,,,,,,,,,,,,,,,,,,,,
http://irail.be/stations/NMBS/008873122,Philippeville,Rue Du Moulin 59,5600,Philippeville,1,0,1,0,0,0,1,0,0,0,0,0,0,0,0,0,0,,,,,,,,,,,,,,
http://irail.be/stations/NMBS/008871415,Piéton,Place H. Moulin,7160,Chapelle Lez Herlaimont,0,0,1,0,1,0,1,0,0,0,0,0,0,0,0,0,0,,,,,,,,,,,,,,
http://irail.be/stations/NMBS/008865227,Poix-Saint-Hubert,Route De Smuid,6870,St Hubert,1,0,1,0,0,0,1,0,0,0,0,0,0,0,0,0,0,,,,,,,,,,,,,,
http://irail.be/stations/NMBS/008728683,Pont de Bois,,,,,,,,,,,,,,,,,,,,,,,,,,,,,,,,,,
http://irail.be/stations/NMBS/008843141,Pont-de-Seraing,Rue De L'Echelle,4100,Seraing,0,0,0,0,0,0,0,0,0,0,0,0,0,0,0,0,0,,,,,,,,,,,,,,
http://irail.be/stations/NMBS/008871365,Pont-à-Celles,Rue Paul Glineur,6230,Pont-A-Celles,1,0,0,0,0,0,0,0,0,0,0,0,0,0,0,0,0,,,,,,,,,,,,,,
http://irail.be/stations/NMBS/008896735,Poperinge,Ieperstraat 167,8970,Poperinge,1,0,1,0,1,0,1,0,0,0,1,2,0,0,0,0,1,05:45,11:10,05:45,11:10,05:45,11:10,05:45,11:10,05:45,11:10,07:00,12:10,07:00,12:10
http://irail.be/stations/NMBS/008842689,Poulseur,Place Puissant 14,4171,Poulseur,1,0,1,0,0,0,1,0,0,0,0,0,0,0,0,0,0,,,,,,,,,,,,,,
http://irail.be/stations/NMBS/008811544,Profondsart,Chemin De Bourgeois,1300,Wavre,1,0,0,0,0,0,0,0,0,0,0,0,0,0,0,0,0,,,,,,,,,,,,,,
http://irail.be/stations/NMBS/008873312,Pry,Rue Des Etangs,5650,Pry,1,0,0,0,0,0,0,0,0,0,0,0,0,0,0,0,0,,,,,,,,,,,,,,
http://irail.be/stations/NMBS/008822715,Puurs,Stationstraat 43,2870,Puurs,1,0,1,0,1,0,1,0,0,0,1,2,0,0,0,0,1,05:45,13:00,05:45,13:00,05:45,13:00,05:45,13:00,05:45,13:00,,,,
http://irail.be/stations/NMBS/008811775,Pécrot,Rue De Rhode,1390,Grez  Doiceau,1,0,1,0,0,0,0,0,0,0,0,0,1,0,0,0,0,,,,,,,,,,,,,,
http://irail.be/stations/NMBS/008884855,Péruwelz,Rue Des FranÇais,7600,Peruwelz,1,0,1,0,1,0,1,0,0,0,0,0,0,0,0,0,1,06:00,13:15,06:00,13:15,06:00,13:15,06:00,13:15,06:00,13:15,,,,
http://irail.be/stations/NMBS/008884541,Quaregnon,Rue De La Station 2,7390,Quaregnon,1,0,1,0,0,0,0,0,0,0,0,0,0,0,0,0,0,,,,,,,,,,,,,,
http://irail.be/stations/NMBS/008881505,Quevy,Rue De La Gare 5,7040,Aulnois,1,0,1,0,0,0,0,0,0,0,0,2,0,0,0,0,0,,,,,,,,,,,,,,
http://irail.be/stations/NMBS/008889003,Quevy-frontiere,,,,,,,,,,,,,,,,,,,,,,,,,,,,,,,,,,
http://irail.be/stations/NMBS/008884335,Quievrain,Place De La Gare 5,7380,Quievrain,1,0,1,0,1,0,0,0,0,0,0,2,0,0,0,0,1,,,,,,,,,,,,,,
http://irail.be/stations/NMBS/008886587,Rebaix,Rue Princesse Astrid,7804,Rebaix,1,0,1,0,0,0,0,0,0,0,0,0,0,0,0,0,0,,,,,,,,,,,,,,
http://irail.be/stations/NMBS/008841442,Remicourt,Rue Nouvelle Percée 2,4350,Remicourt,1,0,1,0,0,0,0,0,0,0,0,0,0,0,0,0,0,,,,,,,,,,,,,,
http://irail.be/stations/NMBS/008861440,Rhisnes,Rue De La Station,5080,Rhisnes,1,0,1,0,0,0,0,0,0,0,0,0,0,0,0,0,0,,,,,,,,,,,,,,
http://irail.be/stations/NMBS/008842705,Rivage,Rue De Rivage 2,4140,Rivage,1,0,1,0,1,0,0,0,0,0,1,0,0,0,0,0,1,,,,,,,,,,,,,,
http://irail.be/stations/NMBS/008811536,Rixensart,Place De La Gare 1,1330,Rixensart,1,0,1,0,1,0,1,0,0,0,0,4,0,0,0,0,1,06:15,13:30,06:15,13:30,06:15,13:30,06:15,13:30,06:15,13:30,,,,
http://irail.be/stations/NMBS/008864006,Rochefort-Jemelle,Route De ForriÈres 1,5580,Jemelle,1,0,1,0,1,0,1,0,0,0,1,6,0,0,0,0,1,06:15,13:30,06:15,13:30,06:15,13:30,06:15,13:30,06:15,13:30,,,,
http://irail.be/stations/NMBS/008200940,Rodange,,,,,,,,,,,,,,,,,,,,,,,,,,,,,,,,,,
http://irail.be/stations/NMBS/008896800,Roeselare,Stationsplein,8800,Roeselare,1,0,1,0,1,1,1,0,0,0,1,3,0,1,0,1,1,06:15,20:00,06:15,20:00,06:15,20:00,06:15,20:00,06:15,20:00,06:30,20:00,06:30,20:00
http://irail.be/stations/NMBS/008861119,Ronet,Rue J.j. Gaillard,5020,Flawinne,1,0,0,0,0,0,0,0,0,0,0,0,0,0,0,0,0,,,,,,,,,,,,,,
http://irail.be/stations/NMBS/008892908,Ronse,W. Churchillplein 6,9600,Ronse,1,0,1,0,1,0,1,0,0,0,1,2,0,0,0,0,1,06:00,13:15,06:00,13:15,06:00,13:15,06:00,13:15,06:00,13:15,,,,
http://irail.be/stations/NMBS/008400526,Roosendaal,,,,,,,,,,,,,,,,,,,,,,,,,,,,,,,,,,
http://irail.be/stations/NMBS/008400530,Rotterdam CS,,,,,,,,,,,,,,,,,,,,,,,,,,,,,,,,,,
http://irail.be/stations/NMBS/008728673,Roubaix,,,,,,,,,,,,,,,,,,,,,,,,,,,,,,,,,,
http://irail.be/stations/NMBS/008871217,Roux,Rue Foulon 8,6044,Roux,1,0,0,0,0,0,0,0,0,0,0,0,0,0,0,0,0,,,,,,,,,,,,,,
http://irail.be/stations/NMBS/008814365,Ruisbroek,Stationsstraat,1601,Ruisbroek,1,0,0,0,0,0,1,0,0,0,0,2,0,0,0,0,0,,,,,,,,,,,,,,
http://irail.be/stations/NMBS/008822848,Ruisbroek-Sauvegarde,Sauvegardestraat,2870,Ruisbroek (puurs),1,0,1,0,0,0,0,0,0,0,0,1,1,0,0,0,0,,,,,,,,,,,,,,
http://irail.be/stations/NMBS/008861432,Saint-Denis-Bovesse,Bati Du Suargeon,5081,St Denis - Bovesse,1,0,1,0,0,0,0,0,0,0,0,0,0,0,0,0,0,,,,,,,,,,,,,,
http://irail.be/stations/NMBS/008884004,Saint-Ghislain,Place Albert Elisabeth 56,7330,Saint-Ghislain,1,0,1,0,1,0,1,0,0,0,1,3,1,0,0,0,1,06:15,13:30,06:15,13:30,06:15,13:30,06:15,13:30,06:15,13:30,06:45,14:00,,
http://irail.be/stations/NMBS/008718213,Saint-Louis-Haut-Rhin,,,,,,,,,,,,,,,,,,,,,,,,,,,,,,,,,,
http://irail.be/stations/NMBS/008775752,Saint-Raphaël-Valescure,,,,,,,,,,,,,,,,,,,,,,,,,,,,,,,,,,
http://irail.be/stations/NMBS/008864956,Sart-Bernard,Rue Cortil Niche,5330,Sart - Bernard,1,0,1,0,0,0,0,0,0,0,0,0,0,0,0,0,0,,,,,,,,,,,,,,
http://irail.be/stations/NMBS/008721222,Saverne,,,,,,,,,,,,,,,,,,,,,,,,,,,,,,,,,,
http://irail.be/stations/NMBS/008811007,Schaarbeek/Schaerbeek,Prinses-Elisabethplein 5,1030,Schaarbeek,1,0,1,0,1,0,1,1,0,0,0,0,1,0,0,0,0,,,,,,,,,,,,,,
http://irail.be/stations/NMBS/008893070,Scheldewindeke,Stationsstraat 72,9860,Scheldewinde - Oosterzele,1,0,0,0,1,0,0,0,0,0,0,0,1,0,0,0,0,,,,,,,,,,,,,,
http://irail.be/stations/NMBS/008824232,Schelle,Steenwinkelstraat,2627,Schelle,0,0,1,0,0,0,1,0,0,0,0,1,1,0,0,0,0,,,,,,,,,,,,,,
http://irail.be/stations/NMBS/008893542,Schellebelle,Stationsstraat,9260,Schellebelle,1,0,1,0,0,0,1,0,0,0,0,0,0,0,0,0,0,,,,,,,,,,,,,,
http://irail.be/stations/NMBS/008895711,Schendelbeke,Moenebroekstraat,9506,Idegem - Geraardsbergen,1,0,1,0,0,0,0,0,0,0,0,0,0,0,0,0,0,,,,,,,,,,,,,,
http://irail.be/stations/NMBS/008400561,Schiphol,,,,,,,,,,,,,,,,,,,,,,,,,,,,,,,,,,
http://irail.be/stations/NMBS/008893526,Schoonaarde,Oude Brugstraat 4,9200,Schoonaarde,1,0,1,0,0,0,1,0,0,0,0,2,0,0,0,0,0,,,,,,,,,,,,,,
http://irail.be/stations/NMBS/008831088,Schulen,Sint Jorislaan Zn.,3540,Schulen,1,0,1,0,0,0,0,0,0,0,0,0,0,0,0,0,0,,,,,,,,,,,,,,
http://irail.be/stations/NMBS/008863446,Sclaigneaux,Rue De La Limite,5300,Vezin,0,0,1,0,0,0,1,0,0,0,0,0,0,0,0,0,0,,,,,,,,,,,,,,
http://irail.be/stations/NMBS/008843133,Sclessin,Rue De L'Hippodrome,4000,Liege,0,0,0,0,0,0,0,0,0,0,0,0,0,0,0,0,0,,,,,,,,,,,,,,
http://irail.be/stations/NMBS/008721405,Selestat,,,,,,,,,,,,,,,,,,,,,,,,,,,,,,,,,,
http://irail.be/stations/NMBS/008843067,Seraing,Rue Goffart,4100,Seraing,1,0,0,0,0,0,0,0,0,0,0,0,0,0,0,0,0,,,,,,,,,,,,,,
http://irail.be/stations/NMBS/008893583,Serskamp,Billegem,9260,Serskamp - Wichelen,1,0,0,0,0,0,0,0,0,0,0,0,0,0,0,0,0,,,,,,,,,,,,,,
http://irail.be/stations/NMBS/008015588,Siegburg,,,,,,,,,,,,,,,,,,,,,,,,,,,,,,,,,,
http://irail.be/stations/NMBS/008883436,Silly,Rue De La Nouvelle Gare,7830,Silly,1,0,1,0,1,0,1,0,0,0,0,2,0,0,0,0,1,05:45,13:00,05:45,13:00,05:45,13:00,05:45,13:00,05:45,13:00,,,,
http://irail.be/stations/NMBS/008812013,Simonis,Wapenstilstandstraat,1081,Koekelberg,1,0,0,0,0,0,1,1,1,0,0,0,1,1,1,0,0,,,,,,,,,,,,,,
http://irail.be/stations/NMBS/008894425,Sinaai,Stationswegel 1,9112,Sinaai,1,0,1,0,0,0,1,0,0,0,0,0,0,0,0,0,0,,,,,,,,,,,,,,
http://irail.be/stations/NMBS/008812211,Sint-Agatha-Berchem/Berchem-Sainte-Agathe,Gentsesteenweg,1082,Brussel,1,0,1,0,0,0,1,1,0,0,0,0,0,0,0,0,0,,,,,,,,,,,,,,
http://irail.be/stations/NMBS/008892692,Sint-Denijs-Boekel,Dries,9630,St-Denijs-Boekel,1,0,1,0,0,0,0,0,0,0,0,0,1,0,0,0,0,,,,,,,,,,,,,,
http://irail.be/stations/NMBS/008814167,Sint-Genesius-Rode,Stationsplein 18,1640,Sint-Genesius-Rode,1,0,1,0,1,0,1,0,0,0,0,0,0,0,0,0,1,06:15,13:30,06:15,13:30,06:15,13:30,06:15,13:30,06:15,13:30,,,,
http://irail.be/stations/NMBS/008893443,Sint-Gillis-Dendermonde,Buisstraat,9200,Sint-Gillis,0,0,0,0,0,0,0,0,0,0,0,0,1,0,0,0,0,,,,,,,,,,,,,,
http://irail.be/stations/NMBS/008814449,Sint-Job,Jean En Pierre Carsoellaan,1180,Ukkel,1,0,0,0,0,0,1,1,0,0,0,0,0,0,0,0,0,,,,,,,,,,,,,,
http://irail.be/stations/NMBS/008833159,Sint-Joris-Weert,Stationsstraat Zn.,3051,Sint-Joris-Weert,0,0,1,0,0,0,0,0,0,0,0,0,0,0,0,0,0,,,,,,,,,,,,,,
http://irail.be/stations/NMBS/008822228,Sint-Katelijne-Waver,Stationsplein 1,2860,Sint-Katelijne-Waver,1,0,1,0,0,0,1,0,0,0,0,2,1,0,0,0,0,,,,,,,,,,,,,,
http://irail.be/stations/NMBS/008821543,Sint-Mariaburg,Lodewijk Andessonstraat,2180,Antwerpen (ekeren),1,0,0,0,0,0,0,0,0,0,0,0,1,0,0,0,0,,,,,,,,,,,,,,
http://irail.be/stations/NMBS/008812245,Sint-Martens-Bodegem,Stationsplein,1700,Sint Martens Bodegem - Dilbeek,1,0,1,0,0,0,0,0,0,0,0,0,1,0,0,0,0,,,,,,,,,,,,,,
http://irail.be/stations/NMBS/008894508,Sint-Niklaas,Leopold II Laan 2,9100,Sint-Niklaas,1,0,1,1,1,1,1,0,0,0,1,9,0,1,0,1,1,05:45,20:00,05:45,20:00,05:45,20:00,05:45,20:00,05:45,20:00,06:00,20:00,06:00,20:00
http://irail.be/stations/NMBS/008831807,Sint-Truiden,Stationsplein 65,3800,Sint Truiden,1,0,1,1,1,1,1,0,0,0,1,5,0,0,0,0,1,06:15,13:30,06:15,13:30,06:15,13:30,06:15,13:30,06:15,13:30,07:00,14:15,07:00,14:15
http://irail.be/stations/NMBS/008893260,Sleidinge,Weststraat 131,9940,Sleidinge,1,0,1,0,0,0,0,0,0,0,0,0,0,0,0,0,0,,,,,,,,,,,,,,
http://irail.be/stations/NMBS/008883113,Soignies,Rue De La Station 96,7060,Soignies,1,0,1,1,1,0,1,0,0,0,0,4,1,0,0,0,1,05:45,20:00,05:45,20:00,05:45,20:00,05:45,20:00,05:45,20:00,06:45,14:00,06:45,14:00
http://irail.be/stations/NMBS/008871662,Solre-sur-Sambre,Rue De La Gare,6560,Erquelinnes,1,0,0,0,0,0,0,0,0,0,0,0,0,0,0,0,0,,,,,,,,,,,,,,
http://irail.be/stations/NMBS/008844404,Spa,Place De La Gare 4,4900,Spa,1,0,1,0,1,0,1,0,0,0,1,1,0,0,0,0,1,06:30,13:45,06:30,13:45,06:30,13:45,06:30,13:45,06:30,13:45,,,,
http://irail.be/stations/NMBS/008844420,Spa-Géronstère,Rue Du Waux-Hall,4900,Spa,1,0,0,0,0,0,0,0,0,0,0,0,0,0,0,0,0,,,,,,,,,,,,,,
http://irail.be/stations/NMBS/008843406,Statte,Place Preud'Homme 1,4500,Huy,1,0,1,0,0,0,0,0,0,0,0,0,0,0,0,0,0,,,,,,,,,,,,,,
http://irail.be/stations/NMBS/008869054,Sterpenich-Frontiere,,,,,,,,,,,,,,,,,,,,,,,,,,,,,,,,,,
http://irail.be/stations/NMBS/008862018,Stockem,Rue De La BarriÈre,6700,Arlon,0,0,1,0,0,0,0,0,0,0,0,0,0,0,0,0,0,,,,,,,,,,,,,,
http://irail.be/stations/NMBS/008721202,Strasbourg,,,,,,,,,,,,,,,,,,,,,,,,,,,,,,,,,,
http://irail.be/stations/NMBS/008842853,Sy,Rue Laurins,4190,FerriÈres,1,0,0,0,0,0,0,0,0,0,0,0,0,0,0,0,0,,,,,,,,,,,,,,
http://irail.be/stations/NMBS/008777320,Sète,,,,,,,,,,,,,,,,,,,,,,,,,,,,,,,,,,
http://irail.be/stations/NMBS/008874609,Tamines,Rue Victor Lagneau 1,5060,Tamines,1,0,1,0,1,0,1,0,0,0,1,4,0,0,0,0,1,06:15,13:30,06:15,13:30,06:15,13:30,06:15,13:30,06:15,13:30,06:45,14:00,,
http://irail.be/stations/NMBS/008894672,Temse,Stationsplein,9140,Temse,1,0,1,0,1,0,1,0,0,0,0,1,0,0,0,0,1,,,,,,,,,,,,,,
http://irail.be/stations/NMBS/008895448,Terhagen,Borsbekestraat,9552,Borsbeke,1,0,0,0,0,0,0,0,0,0,0,0,1,0,0,0,0,,,,,,,,,,,,,,
http://irail.be/stations/NMBS/008812252,Ternat,Stationsstraat,1740,Ternat,1,0,1,0,1,0,1,0,0,0,0,0,0,0,0,0,1,05:45,13:00,05:45,13:00,05:45,13:00,05:45,13:00,05:45,13:00,,,,
http://irail.be/stations/NMBS/008833266,Testelt,Stationstraat,3271,Zichem,1,0,1,0,0,0,0,0,0,0,0,2,0,0,0,0,0,,,,,,,,,,,,,,
http://irail.be/stations/NMBS/008844339,Theux,Rue De La Station 5,4910,Theux,1,0,1,0,0,0,0,0,0,0,0,1,0,0,0,0,0,,,,,,,,,,,,,,
http://irail.be/stations/NMBS/008881455,Thieu,Rue Du Manoir Saint-Jean,7070,Thieu,1,0,1,0,0,0,0,0,0,0,0,0,0,0,0,0,0,,,,,,,,,,,,,,
http://irail.be/stations/NMBS/008719100,Thionville,,,,,,,,,,,,,,,,,,,,,,,,,,,,,,,,,,
http://irail.be/stations/NMBS/008871811,Thuin,Rue De La Gare  //  Rue De Bethleem,6530,Thuin,1,0,1,0,0,0,0,0,0,0,0,0,0,0,0,0,0,,,,,,,,,,,,,,
http://irail.be/stations/NMBS/008884350,Thulin,Rue Du MaÏeur Jean Durot,7350,Hensies (thulin),1,0,0,0,0,0,0,0,0,0,0,0,0,0,0,0,0,,,,,,,,,,,,,,
http://irail.be/stations/NMBS/008815016,Thurn en Taxis/Tour et Taxis,Charles Demeerstraat,1020,Laken,1,0,0,0,0,0,0,0,0,0,0,0,0,0,0,0,0,,,,,,,,,,,,,,
http://irail.be/stations/NMBS/008821964,Tielen,Stationsstraat,2460,Kasterlee,1,0,1,0,0,0,1,0,0,0,0,2,0,0,0,0,0,,,,,,,,,,,,,,
http://irail.be/stations/NMBS/008892254,Tielt,Stationsplein 16,8700,Tielt,1,0,0,0,1,0,1,0,0,0,1,2,0,0,0,0,1,06:00,13:15,06:00,13:15,06:00,13:15,06:00,13:15,06:00,13:15,07:00,14:15,,
http://irail.be/stations/NMBS/008833308,Tienen,4e Lansierslaan,3300,Tienen,1,0,1,1,1,0,1,0,0,1,1,3,0,0,0,0,1,05:45,20:00,05:45,20:00,05:45,20:00,05:45,20:00,05:45,20:00,06:00,20:00,07:00,14:15
http://irail.be/stations/NMBS/008842630,Tilff,Rue d'Angleur 1,4130,Tilff,1,0,1,0,0,0,1,0,0,0,0,0,0,0,0,0,0,,,,,,,,,,,,,,
http://irail.be/stations/NMBS/008872553,Tilly,Rue De La Station,1495,Tilly,1,0,1,0,0,0,0,0,0,0,0,0,0,0,0,0,0,,,,,,,,,,,,,,
http://irail.be/stations/NMBS/008895638,Tollembeek,Statiestraat,1570,Tollembeek - Galmaarden,1,0,0,0,0,0,0,0,0,0,0,0,1,0,0,0,0,,,,,,,,,,,,,,
http://irail.be/stations/NMBS/008831310,Tongeren,Stationsplein 1,3700,Tongeren,1,0,1,0,1,1,1,0,0,0,1,2,0,0,0,0,1,05:45,13:00,05:45,13:00,05:45,13:00,05:45,13:00,05:45,13:00,,,,
http://irail.be/stations/NMBS/008891314,Torhout,Viaductstraat 1,8820,Torhout,1,0,1,0,1,1,1,0,0,0,1,2,0,0,0,0,1,06:15,13:30,06:15,13:30,06:15,13:30,06:15,13:30,06:15,13:30,07:00,14:15,,
http://irail.be/stations/NMBS/008775500,Toulon,,,,,,,,,,,,,,,,,,,,,,,,,,,,,,,,,,
http://irail.be/stations/NMBS/008728654,Tourcoing,,,,,,,,,,,,,,,,,,,,,,,,,,,,,,,,,,
http://irail.be/stations/NMBS/008885001,Tournai,Place Crombez,7500,Tournai,1,0,1,1,1,0,1,0,0,0,1,3,0,0,0,0,1,05:45,20:00,05:45,20:00,05:45,20:00,05:45,20:00,05:45,20:00,06:00,20:30,06:00,20:30
http://irail.be/stations/NMBS/008845203,Trois-Ponts,Place De La Gare 1,4980,Trois-Ponts,1,0,1,0,0,0,1,0,0,0,0,0,0,0,0,0,0,,,,,,,,,,,,,,
http://irail.be/stations/NMBS/008200136,Troisvierges,,,,,,,,,,,,,,,,,,,,,,,,,,,,,,,,,,
http://irail.be/stations/NMBS/008844271,Trooz,Place Du 11 Novembre,4870,Trooz,1,0,1,0,0,0,1,0,0,0,0,3,1,0,0,0,0,,,,,,,,,,,,,,
http://irail.be/stations/NMBS/008883808,Tubize,Plateau De La Gare 32,1480,Tubize,1,0,0,0,1,0,1,0,0,0,0,2,1,1,0,0,1,05:45,13:00,05:45,13:00,05:45,13:00,05:45,13:00,05:45,13:00,07:00,14:15,,
http://irail.be/stations/NMBS/008821907,Turnhout,Stationstraat 1,2300,Turnhout,1,0,1,1,1,1,1,0,0,0,1,2,0,0,0,0,1,05:45,20:00,05:45,20:00,05:45,20:00,05:45,20:00,05:45,20:00,07:00,14:15,07:00,14:15
http://irail.be/stations/NMBS/008814134,Ukkel-Kalevoet/Uccle-Calevoet,Alsembergsesteenweg,1180,Ukkel,1,0,1,0,1,0,1,1,0,0,0,0,1,0,0,0,0,,,,,,,,,,,,,,
http://irail.be/stations/NMBS/008814126,Ukkel-Stalle/Uccle-Stalle,Victor Allardstraat,1180,Uccle,1,0,0,0,0,0,1,1,0,0,0,0,0,0,0,0,0,,,,,,,,,,,,,,
http://irail.be/stations/NMBS/008776302,Valence TGV,,,,,,,,,,,,,,,,,,,,,,,,,,,,,,,,,,
http://irail.be/stations/NMBS/008811270,Veltem,Stationsplein Zn.,3020,Veltem,1,0,1,0,0,0,1,0,0,0,0,0,1,0,0,0,0,,,,,,,,,,,,,,
http://irail.be/stations/NMBS/008833050,Vertrijk,Stationsstraat Zn.,3370,Boutersem,1,0,1,0,0,0,1,0,0,0,0,1,1,0,0,0,0,,,,,,,,,,,,,,
http://irail.be/stations/NMBS/008844008,Verviers-Central,Rue d'Ensival 1,4800,Verviers,1,0,1,1,1,0,1,0,0,1,1,12,1,1,0,1,1,05:45,20:00,05:45,20:00,05:45,20:00,05:45,20:00,05:45,20:00,05:45,20:00,07:00,20:00
http://irail.be/stations/NMBS/008844057,Verviers-Palais,Rue Du Palais / Rue De La Banque,4800,Verviers,1,0,0,0,0,0,1,0,0,0,0,0,0,0,0,0,0,,,,,,,,,,,,,,
http://irail.be/stations/NMBS/008892304,Veurne,Statieplaats,8630,Veurne,1,0,1,0,1,0,1,0,0,0,1,2,0,0,0,0,1,05:45,13:00,05:45,13:00,05:45,13:00,05:45,13:00,05:45,13:00,,,,
http://irail.be/stations/NMBS/008895612,Viane-Moerbeke,Edingsesteenweg 315,9500,Viane-Moerbeke - Geraardsbergen,1,0,0,0,1,0,1,0,0,0,0,0,0,0,0,0,0,,,,,,,,,,,,,,
http://irail.be/stations/NMBS/008896230,Vichte,Beukenhofstraat,8570,Vichte,1,0,0,0,0,0,1,0,0,0,0,2,1,0,0,0,0,,,,,,,,,,,,,,
http://irail.be/stations/NMBS/008845146,Vielsalm,Rue De La Station 3,6690,Vielsalm,1,0,1,0,1,0,1,0,0,0,1,0,1,0,0,0,0,,,,,,,,,,,,,,
http://irail.be/stations/NMBS/008895489,Vijfhuizen,Gentsesteenweg,9420,Erpe-Mere,0,0,0,0,0,0,0,0,0,0,0,0,0,0,0,0,0,,,,,,,,,,,,,,
http://irail.be/stations/NMBS/008884632,Ville-Pommerœul,Place De La Gare,7322,Ville-Pommeroeul,1,0,0,0,0,0,0,0,0,0,0,0,0,0,0,0,0,,,,,,,,,,,,,,
http://irail.be/stations/NMBS/008872579,Villers-la-Ville,Rue De Mellery,1495,Villers-La-Ville,1,0,0,0,0,0,0,0,0,0,0,0,0,0,0,0,0,,,,,,,,,,,,,,
http://irail.be/stations/NMBS/008811189,Vilvoorde,Stationsplein 9,1800,Vilvoorde,1,0,1,1,1,1,1,0,0,0,0,7,1,0,0,0,1,05:45,20:00,05:45,20:00,05:45,20:00,05:45,20:00,05:45,20:00,06:15,20:30,06:15,20:30
http://irail.be/stations/NMBS/008866407,Virton,Avenue Bouvier 171,6762,Virton,1,0,1,0,0,0,1,0,0,0,1,0,0,0,0,0,1,06:00,13:15,06:00,13:15,06:00,13:15,06:00,13:15,06:00,13:15,,,,
http://irail.be/stations/NMBS/008849064,Vise-Frontiere,,,,,,,,,,,,,,,,,,,,,,,,,,,,,,,,,,
http://irail.be/stations/NMBS/008846201,Visé,Avenue Maréchal Foch,4600,Vise,1,0,1,0,1,0,1,0,0,0,0,0,0,1,0,0,1,06:45,14:00,06:45,14:00,06:45,14:00,06:45,14:00,06:45,14:00,,,,
http://irail.be/stations/NMBS/008866118,Viville,Rue Des Ateliers,6700,Viville (arlon),0,0,1,0,0,0,0,0,0,0,0,0,0,0,0,0,0,,,,,,,,,,,,,,
http://irail.be/stations/NMBS/008841327,Voroux,Rue De La Gare 51,4347,Voroux-Goreux,1,0,0,0,0,0,0,0,0,0,0,0,0,0,0,0,0,,,,,,,,,,,,,,
http://irail.be/stations/NMBS/008814118,Vorst-Oost/Forest-Est,Toegangweg,1190,Vorst,1,0,0,0,0,0,1,1,0,0,0,0,0,0,0,0,0,,,,,,,,,,,,,,
http://irail.be/stations/NMBS/008814373,Vorst-Zuid/Forest-Midi,Bollinckxstraat,1190,Vorst,0,0,1,0,0,0,1,1,0,0,0,0,0,0,0,0,0,,,,,,,,,,,,,,
http://irail.be/stations/NMBS/008893815,Waarschoot,Stationsplein 10,9950,Waarschoot,1,0,0,0,0,0,0,0,0,0,0,0,0,0,0,0,0,,,,,,,,,,,,,,
http://irail.be/stations/NMBS/008873007,Walcourt,Rue De La Station 124,5650,Walcourt,1,0,1,0,1,0,1,0,0,0,1,0,0,0,0,0,0,,,,,,,,,,,,,,
http://irail.be/stations/NMBS/008896149,Waregem,Noorderlaan 71,8790,Waregem,1,0,1,0,1,1,1,0,0,0,0,5,0,1,0,0,1,05:45,20:00,05:45,20:00,05:45,20:00,05:45,20:00,05:45,20:00,07:45,15:00,07:45,15:00
http://irail.be/stations/NMBS/008841400,Waremme,Place Rongvaux 14,4300,Waremme,1,0,1,0,1,0,1,0,0,0,1,3,1,0,0,0,1,06:15,13:30,06:15,13:30,06:15,13:30,06:15,13:30,06:15,13:30,07:00,14:15,,
http://irail.be/stations/NMBS/008814266,Waterloo,Place De La Gare,1410,Waterloo,1,0,1,0,1,0,0,0,0,0,0,6,1,0,0,0,1,06:15,13:30,06:15,13:30,06:15,13:30,06:15,13:30,06:15,13:30,,,,
http://irail.be/stations/NMBS/008811429,Watermaal/Watermael,Hakhoutlaan,1170,Watermaal-Bosvoorde,0,0,0,0,0,0,1,0,0,0,0,0,0,0,0,0,0,,,,,,,,,,,,,,
http://irail.be/stations/NMBS/008811726,Wavre,Place Henri Berger 1,1300,Wavre,1,0,1,0,1,0,1,0,0,0,0,3,1,0,0,0,1,06:15,13:30,06:15,13:30,06:15,13:30,06:15,13:30,06:15,13:30,,,,
http://irail.be/stations/NMBS/008822251,Weerde,Stationsplein 1,1982,Weerde,1,0,1,0,0,0,1,0,0,0,0,1,1,0,0,0,0,,,,,,,,,,,,,,
http://irail.be/stations/NMBS/008844503,Welkenraedt,Place De La Gare 11,4840,Welkenraedt,1,0,1,0,1,0,1,0,0,0,1,2,1,0,0,0,1,06:15,13:30,06:15,13:30,06:15,13:30,06:15,13:30,06:15,13:30,07:00,14:15,,
http://irail.be/stations/NMBS/008895851,Welle,Hertstraat,9473,Welle - Denderleeuw,1,0,0,0,0,0,1,0,0,0,0,0,1,0,0,0,0,,,,,,,,,,,,,,
http://irail.be/stations/NMBS/008896396,Wervik,Stationsstraat 17,8940,Wervik,1,0,1,0,1,0,1,0,0,0,0,1,0,0,0,0,0,,,,,,,,,,,,,,
http://irail.be/stations/NMBS/008822525,Wespelaar-Tildonk,Dijkstraat,3150,Wespelaar,1,0,1,0,0,0,0,0,0,0,0,2,0,0,0,0,0,,,,,,,,,,,,,,
http://irail.be/stations/NMBS/008893559,Wetteren,Stationsplein,9230,Wetteren,1,0,1,0,1,0,1,0,0,0,1,2,0,0,0,0,1,06:15,13:30,06:15,13:30,06:15,13:30,06:15,13:30,06:15,13:30,07:15,14:30,07:15,14:30
http://irail.be/stations/NMBS/008896370,Wevelgem,Stationsstraat 3,8560,Wevelgem,1,0,1,0,1,0,1,0,0,0,0,0,0,0,0,0,0,,,,,,,,,,,,,,
http://irail.be/stations/NMBS/008833233,Wezemaal,Langestraat Zn.,3111,Wezemaal,1,0,1,0,0,0,1,0,0,0,0,2,0,0,0,0,0,,,,,,,,,,,,,,
http://irail.be/stations/NMBS/008893534,Wichelen,Paepestraat,9260,Wichelen,1,0,1,0,0,0,1,0,0,0,0,1,0,0,0,0,0,,,,,,,,,,,,,,
http://irail.be/stations/NMBS/008833175,Wijgmaal,Stationsstraat Zn.,3018,Wijgmaal,1,0,1,0,0,0,1,0,0,0,0,0,0,0,0,0,0,,,,,,,,,,,,,,
http://irail.be/stations/NMBS/008821436,Wildert,Sint-Jansstraat,2910,Essen,1,0,1,0,0,0,0,0,0,0,0,0,1,0,0,0,0,,,,,,,,,,,,,,
http://irail.be/stations/NMBS/008822608,Willebroek,Stationsplein 1,2830,Willebroek,1,0,1,0,1,0,1,0,0,0,0,0,0,0,0,0,0,,,,,,,,,,,,,,
http://irail.be/stations/NMBS/008200132,Wilwerwiltz,,,,,,,,,,,,,,,,,,,,,,,,,,,,,,,,,,
http://irail.be/stations/NMBS/008821709,Wolfstee,Toekomstlaan,2288,Grobbendonk,0,0,1,0,0,0,0,0,0,0,0,0,0,0,0,0,0,,,,,,,,,,,,,,
http://irail.be/stations/NMBS/008893211,Wondelgem,Wondelgemstationplein 36,9032,Wondelgem,1,0,1,0,1,0,1,0,0,0,0,0,0,0,0,0,1,,,,,,,,,,,,,,
http://irail.be/stations/NMBS/008847258,Y.renory,,,,0,0,0,0,0,0,0,0,0,0,0,0,0,0,0,0,0,,,,,,,,,,,,,,
http://irail.be/stations/NMBS/008873239,Yves-Gomezée,Rue Fontaine 42,5650,Walcourt,1,0,0,0,0,0,0,0,0,0,0,0,0,0,0,0,0,,,,,,,,,,,,,,
http://irail.be/stations/NMBS/008863545,Yvoir,Place De La Gare 1,5530,Yvoir,1,0,1,0,1,0,1,0,0,0,0,2,0,0,0,0,0,,,,,,,,,,,,,,
http://irail.be/stations/NMBS/008895737,Zandbergen,Jan De Coomanstraat,9506,Zandbergen - Geraardsbergen,1,0,0,0,0,0,0,0,0,0,0,0,1,0,0,0,0,,,,,,,,,,,,,,
http://irail.be/stations/NMBS/008811221,Zaventem,Heldenplein,1930,Zaventem,1,0,1,0,1,0,0,0,0,0,0,2,1,0,0,0,0,07:00,14:15,07:00,14:15,07:00,14:15,07:00,14:15,07:00,14:15,,,,
http://irail.be/stations/NMBS/008891264,Zedelgem,Ruddervoordestraat 67,8210,Zedelgem,1,0,1,0,1,0,1,0,0,0,0,0,0,0,0,0,0,,,,,,,,,,,,,,
http://irail.be/stations/NMBS/008891553,Zeebrugge-Dorp,VenetiËlaan 1,8380,Zeebrugge,1,0,0,0,0,0,0,1,0,0,0,0,0,0,0,0,0,,,,,,,,,,,,,,
http://irail.be/stations/NMBS/008891173,Zeebrugge-Strand,Baron De Maerelaan,8380,Zeebrugge,1,0,0,0,0,0,0,0,0,0,0,0,0,0,0,0,0,,,,,,,,,,,,,,
http://irail.be/stations/NMBS/008894235,Zele,Koningin Astridplein,9240,Zele,1,0,1,0,1,0,1,0,0,0,0,3,0,0,0,0,1,,,,,,,,,,,,,,
http://irail.be/stations/NMBS/008812062,Zellik,Vliegwezenlaan 9,1731,Zellik,0,0,0,0,0,0,0,0,0,0,0,0,0,0,0,0,0,,,,,,,,,,,,,,
http://irail.be/stations/NMBS/008833274,Zichem,Ernest Claesstraat Zn,3271,Zichem,1,0,1,0,0,0,0,0,0,0,0,2,0,0,0,0,0,,,,,,,,,,,,,,
http://irail.be/stations/NMBS/008892635,Zingem,Stationsstraat 1,9750,Zingem,1,0,1,0,0,0,0,0,0,0,0,0,0,0,0,0,0,,,,,,,,,,,,,,
http://irail.be/stations/NMBS/008832250,Zolder,Stationsstraat Z/n,3550,Heusden - Zolder,1,0,1,0,0,0,0,0,0,0,0,2,0,0,0,0,0,,,,,,,,,,,,,,
http://irail.be/stations/NMBS/008832334,Zonhoven,Engstegenseweg,3520,Zonhoven,1,0,1,0,0,0,0,0,0,0,0,3,0,0,0,0,0,,,,,,,,,,,,,,
http://irail.be/stations/NMBS/008895208,Zottegem,Stationsplein 12,9620,Zottegem,1,0,1,0,1,0,1,0,0,1,1,2,0,0,0,0,1,05:45,20:00,05:45,20:00,05:45,20:00,05:45,20:00,05:45,20:00,07:15,14:30,07:15,14:30
http://irail.be/stations/NMBS/008891611,Zwankendamme,,,,,,,,,,,,,,,,,,,,,,,,,,,,,,,,,,
http://irail.be/stations/NMBS/008894821,Zwijndrecht,Fortlaan 1,2070,Zwijndrecht,1,0,1,0,1,0,0,0,0,0,0,0,0,0,0,0,0,,,,,,,,,,,,,,
http://irail.be/stations/NMBS/008883212,Écaussinnes,Avenue De La Déportation,7190,Ecaussinnes,1,0,1,0,1,0,1,0,0,0,0,0,0,0,0,0,0,,,,,,,,,,,,,,
